title,company,location,link
Web Developer React/Redux (w/m/d),Unitedprint.com SE,Deutschland,https://de.indeed.com/Zeige-Job?jk=ee36f1e0fbd47d0b
Senior Frontend Developer Typescript React (m/w/d),Eberlein und Kunz GbR,Berlin,https://de.indeed.com/Zeige-Job?jk=99a4eb9f0bd66730
Frontendentwickler (m/w/d) react und GraphQL,ML!PA Consulting GmbH,Berlin-Friedrichshain,https://de.indeed.com/Zeige-Job?jk=6ad5288e37121750
Frontend Developer (m/f/d),Mister Spex GmbH,Berlin,https://de.indeed.com/Zeige-Job?jk=e0eefe30504373d7
Fullstack Engineer (m/f/d),ImmoScout24,Berlin,https://de.indeed.com/Zeige-Job?jk=5bfce0f122813910
React Web-Developer (m/w/d),FERCHAU,Berlin,https://de.indeed.com/Zeige-Job?jk=663f99771fcda0e3
Frontend Developer – React (f/m/x),diconium group,Berlin,https://de.indeed.com/Zeige-Job?jk=08c1b37a521eef9f
Senior Full-Stack Developer für E-Commerce Anwendungen (m/w/d),Eberlein und Kunz GbR,Berlin,https://de.indeed.com/Zeige-Job?jk=4ef98d69b08cb6c9
Junior Frontend Engineer (f/m/x),weeve,Berlin,https://de.indeed.com/Zeige-Job?jk=0005431393557eed
React Developer (m/f/d),dive solutions,Berlin,https://de.indeed.com/Zeige-Job?jk=57a73eea0ac050e9
React Native Engineer (all genders),kollex GmbH,Berlin,https://de.indeed.com/Zeige-Job?jk=28a5dd3c3eed5da1
Full Stack Developer (m/w/d),SILREAL International UG,Berlin,https://de.indeed.com/Zeige-Job?jk=b06571bd9c89e0c9
Frontend Entwickler React (m/w/d),Autohaus Royal GmbH,Berlin,https://de.indeed.com/Zeige-Job?jk=1e8bac6cda06e168
React Developer (m/f/d),Forum CTEP GmbH,Berlin-Kreuzberg,https://de.indeed.com/Zeige-Job?jk=56ead12f9b4a8ca5
React Native Developer (m/w/d),Metis System AG,Berlin,https://de.indeed.com/Zeige-Job?jk=5e3d2beae9b5d65e
Frontend Intern (m/f/d),infarm,Berlin,https://de.indeed.com/Zeige-Job?jk=1e4beb0d0a883967
(Junior) Frontend Entwickler (m/w/d),Zertificon Solutions GmbH,Berlin,https://de.indeed.com/Zeige-Job?jk=05ead262baffa108
React Frontend Engineer (m/f/x),OptioPay Group,Berlin,https://de.indeed.com/Zeige-Job?jk=bcc1de4cb5a5c7a9
Internship for Gender Equality App,Equalista GmbH,Berlin-Kreuzberg,https://de.indeed.com/Zeige-Job?jk=29da78f55ad58f2a
Organisational Development (various levels),Klarna,Berlin,https://de.indeed.com/Zeige-Job?jk=ae3a8f8b806cd177
Assistant Store Manager,Canada Goose,Berlin,https://de.indeed.com/Zeige-Job?jk=afaae3f2f81a12b4
Codesharing zwischen React und React Native,sprylab technologies,Berlin,https://de.indeed.com/Zeige-Job?jk=bb30064ec358f0d1
Frontend-Developer (m/w/d),ALEKS & SHANTU GmbH,Berlin,https://de.indeed.com/Zeige-Job?jk=96f50afe6115a711
QA Engineer,Flexperto GmbH,Berlin,https://de.indeed.com/Zeige-Job?jk=a0d32978ed67ca29
Javascript / React - Entwickler (m/w/d),USU Group,Berlin,https://de.indeed.com/Zeige-Job?jk=5178b9971b4c7686
React + TypeScript Developer (m/f/x),McMakler GmbH,Berlin,https://de.indeed.com/Zeige-Job?jk=11a6738444296db1
Ausbildung zum Fachinformatiker bei CosmoCode,CosmoCode GmbH,Berlin,https://de.indeed.com/Zeige-Job?jk=c1c668a85ec11c47
Mobile Software Engineer (React Native) for Gender Equality App,Equalista GmbH,Berlin-Kreuzberg,https://de.indeed.com/Zeige-Job?jk=8f7e448929d0fe13
React / ReactJS Softwareentwickler (m/w/d),Beta Systems Software,Berlin,https://de.indeed.com/Zeige-Job?jk=1b969da6c63064a7
Für Freelancer: React.js and Node.js,,Berlin,https://de.indeed.com/Zeige-Job?jk=10dca90fab803a6a
Frontend-Developer React,KENOXA GmbH,Berlin,https://de.indeed.com/Zeige-Job?jk=392be00668d44162
Frontend Developer (w/m/d),Basilicom GmbH,Berlin,https://de.indeed.com/Zeige-Job?jk=c4abc332c1c85ff0
Frontend Developer (m/w/d) React/React Native,sofatutor GmbH,Berlin,https://de.indeed.com/Zeige-Job?jk=1c1b15ebd5151c29
Working Students - Frontend Developer,interact.io,Berlin,https://de.indeed.com/Zeige-Job?jk=fb927039f6e9202d
Software Engineer - Tools (React.js),Wooga,Berlin,https://de.indeed.com/Zeige-Job?jk=3d81c45d79c2cc4c
"Frontend Software Developer (m/w/d) Schwerpunkt Typescript, React",assona GmbH,Berlin,https://de.indeed.com/Zeige-Job?jk=651d5b1724d53d44
Frontend Engineer (m/f/x),Next Big Thing AG,Berlin,https://de.indeed.com/Zeige-Job?jk=32f84394ad76d607
Softwareentwickler - Frontend Developer - Oberflächenentwickler (m/w/d),aikux.com GmbH,Berlin,https://de.indeed.com/Zeige-Job?jk=564447e46bb8b1b9
Security Mitarbeiter (m/w/d),Vienna House Andel's Berlin,Berlin,https://de.indeed.com/Zeige-Job?jk=cbb630f2b1d4dcbd
Initiative Application,WeQ Global Tech GmbH,Berlin,https://de.indeed.com/Zeige-Job?jk=43a9be61f57945f2
FRONTEND ENTWICKLER (React) (m/w/d),sprylab technologies,Berlin,https://de.indeed.com/Zeige-Job?jk=d7bbbf2276c5d680
Frontend-Entwickler (m/w/d) in Berlin,quirin bank,Berlin,https://de.indeed.com/Zeige-Job?jk=212cdbc940001859
Senior Engineer,dunnhumby,Berlin,https://de.indeed.com/Zeige-Job?jk=43dc8b66a9e94eb8
Praktikum in der Anwendungsentwicklung in Berlin (m/w/d),TenMedia GmbH,Berlin,https://de.indeed.com/Zeige-Job?jk=6c359b891078146a
Software Engineer with a Focus on Frontend (m/f/d),Axel Springer,Berlin,https://de.indeed.com/Zeige-Job?jk=e3121e13e1551577
Customer Support Social Media Specialists,Vivid Money GmbH,Berlin,https://de.indeed.com/Zeige-Job?jk=79998dda296d0d29
Fullstack Engineer,PXL Vision AG,Berlin,https://de.indeed.com/Zeige-Job?jk=dfd99cb38875e706
JAVASCRIPT SPECIALIST REACT.JS (m/w/d) in Freier Mitarbeit oder Anstellung,DREINULL Agentur für Mediatainment GmbH / Ping Pon...,Berlin,https://de.indeed.com/Zeige-Job?jk=4d4a691fc3b734ad
Web Development Teacher (m/f/d) in Berlin,DCI Digital Career Institute,Berlin,https://de.indeed.com/Zeige-Job?jk=2433822aa888d460
React Native App Developer (m/f/d),BEWATEC Connected.Care GmbH,Berlin,https://de.indeed.com/Zeige-Job?jk=3734035442d731a4
PHP Fullstack Entwickler (m/w/d),Healy World GmbH,Berlin,https://de.indeed.com/Zeige-Job?jk=46df70225397d173
Senior Frontend Developer Typescript React (m/w/d),Eberlein und Kunz GbR,Berlin,https://de.indeed.com/Zeige-Job?jk=99a4eb9f0bd66730
Web Developer React/Redux (w/m/d),Unitedprint.com SE,Deutschland,https://de.indeed.com/Zeige-Job?jk=ee36f1e0fbd47d0b
Frontendentwickler (m/w/d) react und GraphQL,ML!PA Consulting GmbH,Berlin-Friedrichshain,https://de.indeed.com/Zeige-Job?jk=6ad5288e37121750
Working Student JavaScript Developer (m/w),viasto GmbH,Berlin,https://de.indeed.com/Zeige-Job?jk=5e04d7aa490df1f7
Junior Full Stack Web Developer,Granola Studios GmbH,Berlin,https://de.indeed.com/Zeige-Job?jk=e57f788c5714d4c3
Senior Frontend Engineer (React.js),JOIN Solutions,Berlin,https://de.indeed.com/Zeige-Job?jk=11d848a76102c99a
"Full-stack Javascript Engineer (React, Node.js) (f/m/x)",Seven Senders,Berlin,https://de.indeed.com/Zeige-Job?jk=799d2d05a8a7a8d8
React Entwickler (m/w/d),Portaltech Reply,Berlin,https://de.indeed.com/Zeige-Job?jk=4894b0c62eafa3d7
Javascript / React - Entwickler (m/w/d),USU GmbH,Berlin,https://de.indeed.com/Zeige-Job?jk=4e7f3bb10aaddfd3
Frontend Developer (m/f/d),LYNX B.V. Germany Branch,Berlin,https://de.indeed.com/Zeige-Job?jk=83ad920cce3390d2
JAVASCRIPT SPECIALIST REACT.JS (M/W/D),DREINULL Agentur für Mediatainment GmbH & Co. KG,Berlin,https://de.indeed.com/Zeige-Job?jk=bf4141c59a6b081a
Manager Music Identification (m/f/d),ICE International Copyright Enterprise Germany Gmb...,Berlin,https://de.indeed.com/Zeige-Job?jk=4bbb897e24ae8873
Front-End Software Engineer,Talentspace,Berlin-Kreuzberg,https://de.indeed.com/Zeige-Job?jk=52abd4a3a02f15bc
Quality Engineer (f/m/x),Ada Health GmbH,Berlin,https://de.indeed.com/Zeige-Job?jk=b495291c38520224
Frontend Developer (m/w/d),SunaCare GmbH,Berlin,https://de.indeed.com/Zeige-Job?jk=4ff4fa08e43c5767
Webentwickler Front- und/oder Backend (m/w/d) (Anwendungsprogrammierer/in),BEGIS GmbH,Berlin,https://de.indeed.com/Zeige-Job?jk=65cfb6dbef348ae0
Senior React Native Engineer (m/f/d),Pitch,Berlin,https://de.indeed.com/Zeige-Job?jk=5dfa01766d2c07d7
Frontend Engineer (m/f/d),Flaconi GmbH,Berlin,https://de.indeed.com/Zeige-Job?jk=d7ce6465e5eb8c8f
Senior React Native Developer,YAS.life,Berlin,https://de.indeed.com/Zeige-Job?jk=2b159044d2b8bb2e
Senior Fullstack React- & Node.js Developer (m/w/d),Shop Apotheke Europe,Berlin,https://de.indeed.com/Zeige-Job?jk=1e51d7ea51a22af3
Senior Frontend Engineer - React (m/f/x),HelloFresh,Berlin,https://de.indeed.com/Zeige-Job?jk=7cc56402183f751f
Social Producer,OneFootball GmbH,Berlin,https://de.indeed.com/Zeige-Job?jk=cb8ceddecb8b3dd4
Vergütetes Pratikum Mobile-/App Entwicklung (m/w),MATCHBASE GmbH,Berlin,https://de.indeed.com/Zeige-Job?jk=6ea80fd1ab8298ec
Front-End Developer (m/f/x),Zizooboats GmbH,Berlin-Kreuzberg,https://de.indeed.com/Zeige-Job?jk=8b2a7ef6fcfff67e
Frontend Engineer – React.js (m/f/div),Elinvar GmbH,Berlin,https://de.indeed.com/Zeige-Job?jk=2405035b1fcd307c
Executive Assistant to COO & CBO (f/m/div),finleap,Berlin,https://de.indeed.com/Zeige-Job?jk=c64fcacc590f7e25
Software Engineer React Native (m/f/d),Webfleet Solutions,Berlin,https://de.indeed.com/Zeige-Job?jk=712c3bb7aba000de
Fullstack Engineer (m/w/d),Talentwunder UG,Berlin,https://de.indeed.com/Zeige-Job?jk=056c43404cbddf75
Engineering Lead @Fleetloop,Kubikx GmbH,Berlin,https://de.indeed.com/Zeige-Job?jk=65352e8f8a077419
Full Stack Developer (m/w/d),BigRep GmbH,Berlin-Kreuzberg,https://de.indeed.com/Zeige-Job?jk=6446947ed00d833e
Intern Nike Direct Retail,Nike,Berlin,https://de.indeed.com/Zeige-Job?jk=c0d6836098d86f21
Senior Frontend Engineer - Monetization Team,OLX Group,Berlin,https://de.indeed.com/Zeige-Job?jk=8b1119e406562e48
Empathetic & Fearless frontend,LOENING.IO,Berlin,https://de.indeed.com/Zeige-Job?jk=ef5bb20ab447a7b9
Android Developer (f/m/x),diconium group,Berlin,https://de.indeed.com/Zeige-Job?jk=095b884161001897
Senior Javascript Developer - Node.js / React (f/m/d),SmartRecruiters Inc,Berlin,https://de.indeed.com/Zeige-Job?jk=d981cedf25d6d820
Web-Entwickler mit Angular-Kenntnissen (m/w/d),IT&I,Berlin,https://de.indeed.com/Zeige-Job?jk=736efe90c7f7c85b
QA Engineer (m/f/d),BuildingMinds,Berlin,https://de.indeed.com/Zeige-Job?jk=3b1bda7f048d55c1
"Frontend Engineer, Seller Reputation Team",OLX Group,Berlin,https://de.indeed.com/Zeige-Job?jk=b03349938c73dd54
FRONTEND DEVELOPER (w/m/d),Turbine Kreuzberg GmbH,Berlin,https://de.indeed.com/Zeige-Job?jk=6533d7561125f294
Web Developer (f/m/x),AUTO1,Berlin,https://de.indeed.com/Zeige-Job?jk=d86eea74a1768024
Frontend Developer,zolar,Berlin-Kreuzberg,https://de.indeed.com/Zeige-Job?jk=2607a921298b04cb
Senior React Native Engineer (m/f/d),Pitch Software GmbH,Berlin,https://de.indeed.com/Zeige-Job?jk=64b47c1ffdefd6dc
Frontend Engineer (m/f/d),Uberall,Berlin,https://de.indeed.com/Zeige-Job?jk=b981483c8ed32f31
Frontend Engineer,On AG,Berlin,https://de.indeed.com/Zeige-Job?jk=4b135ed96e47d5c8
Frontend- und Backend-Entwickler,LAN Berlin,Berlin,https://de.indeed.com/Zeige-Job?jk=66ff75a1a8e3a351
Frontend Developer (m/f/d),LYNX B.V.,Berlin,https://de.indeed.com/Zeige-Job?jk=b81d332a5a8be07a
Integrations Lead (f/m/d),Wefox,Berlin-Kreuzberg,https://de.indeed.com/Zeige-Job?jk=3fd0f9bb88dce73e
Frontend Team Lead (React.js) (m/w/d),Gnosis,Berlin,https://de.indeed.com/Zeige-Job?jk=c5a7703c0e25e175
Senior Frontend Engineer JavaScript/React (f/m/x),Ada Health GmbH,Berlin,https://de.indeed.com/Zeige-Job?jk=4c5bb02723f77c17
Frontend Developer (m/w/d),Neofonie GmbH,Berlin,https://de.indeed.com/Zeige-Job?jk=7362d41490448d09
Full Stack Engineer,Hive Logistics,Berlin,https://de.indeed.com/Zeige-Job?jk=4b5912ff3f83e918
Software Engineer (m/f/d),Enpal GmbH,Berlin-Friedrichshain,https://de.indeed.com/Zeige-Job?jk=a7fea1ef914be6ed
Web Entwickler Schwerpunkt Node.js / React (m/w/d),Sparkassen-Finanzportal GmbH,Berlin,https://de.indeed.com/Zeige-Job?jk=f275f7113df146c9
Frontend Developer - Senior Level (m/f/d),Liefery,Berlin,https://de.indeed.com/Zeige-Job?jk=c0b63123da36b4ed
Frontend Developer (m/f/d),Mister Spex GmbH,Berlin,https://de.indeed.com/Zeige-Job?jk=e0eefe30504373d7
Senior Frontend Developer Typescript React (m/w/d),Eberlein und Kunz GbR,Berlin,https://de.indeed.com/Zeige-Job?jk=99a4eb9f0bd66730
Full Stack Java-Entwickler (m/w/d),EBP Deutschland GmbH,Berlin,https://de.indeed.com/Zeige-Job?jk=8011b83c228da13d
SOFTWARE ENGINEER (F/M/X),Fraugster,Berlin,https://de.indeed.com/Zeige-Job?jk=f3bed11909ddea3a
FULLSTACK ENTWICKLER (M/W/D)*,mgmtp GmbH von ITbbb.de,Berlin,https://de.indeed.com/Zeige-Job?jk=c93f75ac5e126c82
(Junior) Frontend Engineer – d3.js (m/f/div),Elinvar GmbH,Berlin,https://de.indeed.com/Zeige-Job?jk=92a4d6b2f88cf1c5
FRONT END DEVELOPER (M/F/D),Clincase,Berlin,https://de.indeed.com/Zeige-Job?jk=35d945b90125ad04
(Senior) React Native - DigiBank (f/m/div),finleap connect,Berlin,https://de.indeed.com/Zeige-Job?jk=d3c18e62002a4e3d
Frontend Developer (x/f/m),NEXR TECHNOLOGIES SE,Berlin-Kreuzberg,https://de.indeed.com/Zeige-Job?jk=3d35c4c4e1a5d987
Web Entwickler Schwerpunkt Node.js / React (m/w/d),Sparkassen Finanzportal GmbH,Berlin,https://de.indeed.com/Zeige-Job?jk=9590be580aefce15
Ecommerce Manager,Glossybox,Berlin,https://de.indeed.com/Zeige-Job?jk=f220222cdc582ab4
Frontend-Entwickler/in,Elumbus GmbH,Berlin,https://de.indeed.com/Zeige-Job?jk=1e992fb0918744f6
Javascript Developer for NetSuite (x/f/m),MYCS GmbH,Berlin,https://de.indeed.com/Zeige-Job?jk=cbbfc1c830d0b49a
Fullstack Developer (Node/React/Serverless) (m/f/x),Lemon One GmbH,Berlin,https://de.indeed.com/Zeige-Job?jk=f841d3de34777bff
Senior React Engineer - Marketing Tech (f/m/d),Delivery Hero,Berlin,https://de.indeed.com/Zeige-Job?jk=3b35bf0014505a3d
Machine Learning Engineer,Back,Berlin-Kreuzberg,https://de.indeed.com/Zeige-Job?jk=ff3413a50306ab94
Javascript Developer (f/m/x),diconium group,Berlin,https://de.indeed.com/Zeige-Job?jk=3b49ee829c3d001d
JavaScript-Entwickler (w/m/d) - Berlin,Reservix GmbH,Berlin,https://de.indeed.com/Zeige-Job?jk=13444b261ce5eb11
Frontend Engineer (m/w/d),Flaconi GmbH,Berlin-Charlottenburg,https://de.indeed.com/Zeige-Job?jk=3eff6e2f293e1feb
Web Development Instructor (m/f/d) in Berlin,DCI Digital Career Institute,Berlin,https://de.indeed.com/Zeige-Job?jk=e95d3628dbcff9f5
Blogbeitrag 3,sprylab technologies,Berlin,https://de.indeed.com/Zeige-Job?jk=1c21047b6e4a2e41
Secure Development Engineer,Klarna,Berlin,https://de.indeed.com/Zeige-Job?jk=60a779254e49e7b7
Fullstack Engineer (m/f/d),ImmoScout24,Berlin,https://de.indeed.com/Zeige-Job?jk=5bfce0f122813910
Praktikum IT & App Entwicklung,Salufast GmbH,Berlin,https://de.indeed.com/Zeige-Job?jk=769de0bf38bbfcff
Full Stack Developer (m/f/d),BIGREP,Berlin,https://de.indeed.com/Zeige-Job?jk=f4dc859503a6ca3e
"Engineering | Lead Full Stack Engineer (React, Node.js) (x/f/m)",Hopkins,Berlin-Kreuzberg,https://de.indeed.com/Zeige-Job?jk=a2f5729a222a98dd
Senior Full-Stack Developer (m/f/d),Venture Leap,Berlin,https://de.indeed.com/Zeige-Job?jk=ae41f7925a2fab33
Customer Service Representative Key Accounts,On AG,Berlin,https://de.indeed.com/Zeige-Job?jk=252e7ec905141ea4
Software Engineer,Kry,Berlin,https://de.indeed.com/Zeige-Job?jk=120ff59055216197
React Web-Developer (m/w/d),FERCHAU,Berlin,https://de.indeed.com/Zeige-Job?jk=663f99771fcda0e3
Teamlead IT/Development (m/w/d),Expert Systems AG,Berlin,https://de.indeed.com/Zeige-Job?jk=d795a59e5e24a00f
GUCCI Retail Area Manager Germany & Austria,Groupe Kering,Berlin,https://de.indeed.com/Zeige-Job?jk=d15f7200ca1b4852
Frontend Developer (all genders),Accenture,Berlin,https://de.indeed.com/Zeige-Job?jk=a0ad42ca06948a93
Frontend Developer / Softwareentwickler (m/w/d),meetyoo conferencing GmbH,Berlin,https://de.indeed.com/Zeige-Job?jk=45153fec604789e4
Frontend Developer (w/m/d),Carl Finance GmbH,Berlin,https://de.indeed.com/Zeige-Job?jk=8b55341dd67a3b47
Visiting Software Engineer (internship),Boston Consulting Group,Berlin,https://de.indeed.com/Zeige-Job?jk=ffe199462a83c212
Junior Webentwickler,TECLEAD UG,Berlin,https://de.indeed.com/Zeige-Job?jk=4cc0128ade629023
QA and Test Automation Engineer,"Aggreko, LLC",Berlin,https://de.indeed.com/Zeige-Job?jk=22a4bba768242dd6
Java Software Engineer,Osudio,Berlin,https://de.indeed.com/Zeige-Job?jk=3a8e23b66a5a225e
Praktikant / Werkstudent (m/w/d) in der Frontend Entwicklung,Ventoro,Berlin,https://de.indeed.com/Zeige-Job?jk=eb29e2e879c40276
Full-Stack-Developer (m/w/d),ALEKS & SHANTU GmbH,Berlin,https://de.indeed.com/Zeige-Job?jk=2e0c6fda240e9525
Urban Outfitters - Menswear Department Manager,Urban Outfitters,Berlin,https://de.indeed.com/Zeige-Job?jk=668def05b6e87e6d
React Native/Node Engineer.,Darwin Recruitment,Berlin,https://de.indeed.com/Zeige-Job?jk=f6f74a0f6ebac69b
JavaScript Developer,Construyo,Berlin,https://de.indeed.com/Zeige-Job?jk=1da5de93c7acc4c6
(Senior) React Frontend Developer (m/f/d),neurocat GmbH,Berlin,https://de.indeed.com/Zeige-Job?jk=2b2e18f71ba35b56
Regulatory Toxicologist for Medical Devices,knoell Germany GmbH,Berlin,https://de.indeed.com/Zeige-Job?jk=e69d8dd8565bc4e3
Werkstudent Software Engineering (w/m/d),Salufast GmbH,Berlin,https://de.indeed.com/Zeige-Job?jk=0007f79c6cb5daa2
Senior Software Engineer - Frontend (f/m/x),Architrave GmbH,Berlin,https://de.indeed.com/Zeige-Job?jk=034056d8be7cc0b8
Frontend-Entwickler (m/w/d),guwadesign GmbH,Berlin-Mitte,https://de.indeed.com/Zeige-Job?jk=df23666f33ef421a
Full-stack Developer*in,Change.org e.V.,Berlin,https://de.indeed.com/Zeige-Job?jk=de9f031a80df9c34
Java-Entwickler - E-Government Solutions (m/w/d),Schütze AG AG,Berlin,https://de.indeed.com/Zeige-Job?jk=13c9e9c798bc51bb
Software Engineer,Boston Consulting Group,Berlin,https://de.indeed.com/Zeige-Job?jk=e03d31929d10e7f5
Software Engineer II - Supply,MediaMath,Berlin,https://de.indeed.com/Zeige-Job?jk=3390fa831479eb5c
Frontend Developer - Senior Level (m/f/d),Liefery,Berlin,https://de.indeed.com/Zeige-Job?jk=c0b63123da36b4ed
Frontend Developer (m/f/d),Mister Spex GmbH,Berlin,https://de.indeed.com/Zeige-Job?jk=e0eefe30504373d7
Frontendentwickler (m/w/d) react und GraphQL,ML!PA Consulting GmbH,Berlin-Friedrichshain,https://de.indeed.com/Zeige-Job?jk=6ad5288e37121750
PHP Fullstack Entwickler (m/w/d),Healy World GmbH,Berlin,https://de.indeed.com/Zeige-Job?jk=46df70225397d173
Web Developer React/Redux (w/m/d),Unitedprint.com SE,Deutschland,https://de.indeed.com/Zeige-Job?jk=ee36f1e0fbd47d0b
PHP Fullstack Entwickler (m/w/d),Healy World GmbH,Berlin,https://de.indeed.com/Zeige-Job?jk=46df70225397d173
Web Developer React/Redux (w/m/d),Unitedprint.com SE,Deutschland,https://de.indeed.com/Zeige-Job?jk=ee36f1e0fbd47d0b
Front End Engineer - ReactJS (m/f/d),Flix,Berlin,https://de.indeed.com/Zeige-Job?jk=ed30b1a1136e6c1d
Front End Developer (m/f/d) – in the gaming and esports industry,Freaks 4U Gaming GmbH,Berlin,https://de.indeed.com/Zeige-Job?jk=8abbe128e118e685
Front End Developer,SatoshiPay,Berlin,https://de.indeed.com/Zeige-Job?jk=633e74a236aedbeb
Frontend Engineer (Conversion Squad),Zattoo,Berlin,https://de.indeed.com/Zeige-Job?jk=5a30bb6bd2eae080
Senior Frontend Developer (f/m/d),Crosslend GmbH,Berlin,https://de.indeed.com/Zeige-Job?jk=8864c589a2def941
"Senior Frontend Engineer / Javascript (React/Redux stack, ES6) Monetisation Team (m / f / d)",Omio,Berlin,https://de.indeed.com/Zeige-Job?jk=edcbc8b377dd057a
Frontend Developer,TradeMachines FI GmbH,Berlin,https://de.indeed.com/Zeige-Job?jk=37b0d618a8daa6ae
Frontend Engineer (m/f/x) @optiopay,Rheingau Founders Portfolio,Berlin,https://de.indeed.com/Zeige-Job?jk=1fb13f66cee62e8d
(Senior) Frontend Developer (m/f/x),dentolo Deutschland GmbH,Berlin,https://de.indeed.com/Zeige-Job?jk=faa8f1c4bceec71f
Frontend Web Developer,TERAKI GmbH,Berlin,https://de.indeed.com/Zeige-Job?jk=20536737dd527fbf
Team Lead - Operations,Canada Goose,Berlin,https://de.indeed.com/Zeige-Job?jk=b1ae759e8cd9af81
NLP Developers,Alldus,Berlin,https://de.indeed.com/Zeige-Job?jk=4c70a6e5fedcfe9d
Frontend Entwickler (w/m/d),unitb consulting,Berlin,https://de.indeed.com/Zeige-Job?jk=9e638ba0c8092183
Frontend Developer m/w,FreightFinders GmbH,Berlin,https://de.indeed.com/Zeige-Job?jk=30da418d1d5f0a2f
Testing Engineer (TypeScript/Jest/Cypress) (f/m/x),Parloa,Berlin,https://de.indeed.com/Zeige-Job?jk=da9147c93b0c8775
Dozent Web Development Berlin (m/w/d),DCI Digital Career Institute,Berlin,https://de.indeed.com/Zeige-Job?jk=c9653a9f09b658a3
Fullstack Engineer (m/f/d),Flexperto GmbH,Berlin,https://de.indeed.com/Zeige-Job?jk=d746e0c36ee9f059
Javascript Full Stack Engineer (f/m/x),Zenjob,Berlin,https://de.indeed.com/Zeige-Job?jk=181f56b3d50dbc3e
Web Entwickler (m/w/x),ZEISS Group,Berlin,https://de.indeed.com/Zeige-Job?jk=805b28ad6eaf913e
Machine Learning Engineer,Back Technologies GmbH,Berlin,https://de.indeed.com/Zeige-Job?jk=eedbafeac1aabe75
Frontend Engineer (m/f/d)-E2E,heycar,Berlin,https://de.indeed.com/Zeige-Job?jk=2444658db1d467f3
Senior Software Engineer - React native (m/f/d),Uberall,Berlin,https://de.indeed.com/Zeige-Job?jk=fc12b45a9d5f1590
WerkstudentIn IT,atmosfair,Berlin-Kreuzberg,https://de.indeed.com/Zeige-Job?jk=d5afc206480bf3e8
Software Prototyper (m/w/d),MaibornWolff GmbH,Berlin,https://de.indeed.com/Zeige-Job?jk=fcdd7faec49d57c1
Full Stack Entwickler / Schwerpunkt Javascript (m/w/d),Integr8 media GmbH,Berlin,https://de.indeed.com/Zeige-Job?jk=dd9e4de6bc575a47
Student for software development,ZIS GmbH,Berlin,https://de.indeed.com/Zeige-Job?jk=e5fa48bde024d384
Front-End Developer (m/f/x),Zizoo,Berlin,https://de.indeed.com/Zeige-Job?jk=ae133df1e5b997bf
SharePoint Entwickler (m/w/d),FINCON Unternehmensberatung GmbH,Berlin,https://de.indeed.com/Zeige-Job?jk=79cb10a687b831fe
Senior FrontEnd Engineer,REMERGE,Berlin,https://de.indeed.com/Zeige-Job?jk=6bb689b7130a77a8
.NET Entwickler (m/w/d),nteam GmbH,Berlin,https://de.indeed.com/Zeige-Job?jk=a9534c34c8351fca
CTO/Co-founder (d/m/w),Rheingau Founders Portfolio,Berlin,https://de.indeed.com/Zeige-Job?jk=e22c293d06a561fb
Front-End-Entwickler (w/m/d),easybell GmbH,Berlin,https://de.indeed.com/Zeige-Job?jk=b84bc874cea50d60
Engineer Team Lead,dunnhumby,Berlin,https://de.indeed.com/Zeige-Job?jk=c0215137b1601960
Team Lead,Canada Goose,Berlin,https://de.indeed.com/Zeige-Job?jk=399f4bc477d4c63a
Webentwickler*in Python/Django (m/w/d),Jonas und der Wolf GmbH,Berlin,https://de.indeed.com/Zeige-Job?jk=41d5707e3fa44352
Head of IT,Divimove GmbH,Berlin,https://de.indeed.com/Zeige-Job?jk=4a5bf4b79f92bec2
Senior Frontend Developer (m/w/x),The Female Company,Berlin,https://de.indeed.com/Zeige-Job?jk=ac297e9515a8f000
Senior Front End Developer (m/f/x),New Yorker,Berlin-Schöneberg,https://de.indeed.com/Zeige-Job?jk=ff09110c8e4959ec
Webentwickler React/Node.js (m/w/d) React/Node.js Entwickler,Ratbacher,Berlin,https://de.indeed.com/Zeige-Job?jk=fd1a53c052800418
Front-End Developer (m/f/d),Venture Leap,Berlin,https://de.indeed.com/Zeige-Job?jk=faf8387d7d25a3c0
Software Engineer (M/F/X),Stickerstars GmbH,Berlin,https://de.indeed.com/Zeige-Job?jk=bc4167b26309b7ae
"Software Engineer, Frontend, ONSITE-BERLIN",Heritage Type Co.,Berlin-Friedrichshain,https://de.indeed.com/Zeige-Job?jk=58e27e43ed1eeb23
Software Engineer - Frontend (f/m/d),Valsight,Berlin,https://de.indeed.com/Zeige-Job?jk=2381f25bd98e974d
Software Engineer Frontend (m/f/d),Axel Springer,Berlin,https://de.indeed.com/Zeige-Job?jk=2dacadf01da05ac7
Senior Test Engineer - Cypress (m/f/d),Templafy,Berlin,https://de.indeed.com/Zeige-Job?jk=97276e461989481a
Full Stack Developer (m/w/d),Taledo,Berlin,https://de.indeed.com/Zeige-Job?jk=eed8e51bd9db8cf6
IT Consultant / Software Architekt Frontend (f/m/x),diconium group,Berlin,https://de.indeed.com/Zeige-Job?jk=c9f8e954272ff5d3
Software Engineer (Front-End),i2x GMBH,Berlin,https://de.indeed.com/Zeige-Job?jk=1bea6c8f06fa3099
Engineering Manager Frontend (m/w/d),Flaconi GmbH,Berlin,https://de.indeed.com/Zeige-Job?jk=1bc5abefa125270a
Assistent im Bereich Consulting,TECLEAD UG,Berlin,https://de.indeed.com/Zeige-Job?jk=77e0953b7cd89d68
Frontendentwickler (m/w/d) react und GraphQL,ML!PA Consulting GmbH,Berlin-Friedrichshain,https://de.indeed.com/Zeige-Job?jk=6ad5288e37121750
Senior Frontend Developer Typescript React (m/w/d),Eberlein und Kunz GbR,Berlin,https://de.indeed.com/Zeige-Job?jk=99a4eb9f0bd66730
Full Stack Java-Entwickler (m/w/d),EBP Deutschland GmbH,Berlin,https://de.indeed.com/Zeige-Job?jk=8011b83c228da13d
Frontend Developer (m/f/d),Mister Spex GmbH,Berlin,https://de.indeed.com/Zeige-Job?jk=e0eefe30504373d7
Fullstack JavaScript Developer,SatoshiPay,Berlin,https://de.indeed.com/Zeige-Job?jk=f3ed996b5fb6cc49
Softwareentwickler (m/w/d),atmosfair,Berlin-Kreuzberg,https://de.indeed.com/Zeige-Job?jk=dd8c56ad9e42b3ee
Senior Frontend Engineer (m/f/d),RYDES,Berlin,https://de.indeed.com/Zeige-Job?jk=5346c0310e3a91f6
Software Engineer (m/f/x),Rasa,Berlin,https://de.indeed.com/Zeige-Job?jk=111da90f804f13e4
Full-stack Web Developer / Co-founder at ChipsTV,,Berlin,https://de.indeed.com/Zeige-Job?jk=e0018ed945003e94
Lead Frontend Engineer,Orange Quarter,Berlin,https://de.indeed.com/Zeige-Job?jk=9158fcb3db4d330e
Frontend Engineer - Outfits Program,Zalando,Berlin,https://de.indeed.com/Zeige-Job?jk=f8031023d4405e0d
E-Commerce Entwickler (w/m/d),porta Möbel GmbH & Co.KG,Berlin,https://de.indeed.com/Zeige-Job?jk=065374240961c06d
iOS Developer (f/m/x),diconium group,Berlin,https://de.indeed.com/Zeige-Job?jk=af8ff42618c4223e
Expert Software Engineer - Frontend (f/m/x),Architrave GmbH,Berlin,https://de.indeed.com/Zeige-Job?jk=ccec553d4d82fafb
Frontend Performance Engineer (m/f/d),Pitch,Berlin,https://de.indeed.com/Zeige-Job?jk=66c367b1116bfff8
CTO,"Donut, Inc.",Berlin,https://de.indeed.com/Zeige-Job?jk=12ba4e25e1870222
Software Engineer,3T Software Labs GmbH,Berlin,https://de.indeed.com/Zeige-Job?jk=a9edd141d3da8418
Frontend-Developer – JS / Vue.js / Node.js / React (w/m/d),Space Squad,Berlin,https://de.indeed.com/Zeige-Job?jk=e5e0a7abe33087d6
Full Stack Java-Entwickler (m/w/d),EBP Deutschland GmbH,Berlin,https://de.indeed.com/Zeige-Job?jk=11feab88cd24c7dc
Expert Biological Safety / Toxicology for Medical Devices,knoell Germany GmbH,Berlin,https://de.indeed.com/Zeige-Job?jk=2210d29adbd7da67
Advanced Frontend Developer (m/w/d),Aperto,Berlin,https://de.indeed.com/Zeige-Job?jk=1ac86a681b337e17
Rails Full Stack Developer (mid-level) - 25 to 40 hours (flexible),jovoto GmbH,Berlin,https://de.indeed.com/Zeige-Job?jk=867daea1e3675c5b
Android Engineer (f/m/x),Zenjob,Berlin,https://de.indeed.com/Zeige-Job?jk=81bd40528a117fcc
(Senior) JavaScript Engineer (m/w/x),GOCOMO GmbH,Berlin,https://de.indeed.com/Zeige-Job?jk=65933c35bf02e889
Tech Lead,Care.com Europe,Berlin,https://de.indeed.com/Zeige-Job?jk=d5030fa1a2863c8c
Assistant Store Manager,Canada Goose,Berlin,https://de.indeed.com/Zeige-Job?jk=afaae3f2f81a12b4
Front-End Entwickler (m/w/d),HireBird GmbH,Berlin,https://de.indeed.com/Zeige-Job?jk=29e6b0ac403c3288
Senior Front-end Developer,Codility,Berlin,https://de.indeed.com/Zeige-Job?jk=56556eeb1ed7c73e
Senior React Developer (m/w),Infopark AG,Berlin,https://de.indeed.com/Zeige-Job?jk=b3e69072812d17c2
Mid-Senior Full Stack Software Engineer (m/w/d),Construyo,Berlin,https://de.indeed.com/Zeige-Job?jk=1f8cf63d742ae274
Web-Designer (m/w/d),msg systems,Berlin,https://de.indeed.com/Zeige-Job?jk=e0616bcc86fd6814
JUNIOR FRONTEND ENTWICKLER (M/W/D)* HTML / JAVASCRIPT / TYPESCRIPT,mgmtp GmbH von ITbbb.de,Berlin,https://de.indeed.com/Zeige-Job?jk=1472cba888dbc43c
Web Development Lecturer (m/f/d) in Berlin,DCI Digital Career Institute,Berlin,https://de.indeed.com/Zeige-Job?jk=38caa340bf5e6257
Senior Frontend Developer (m/w/d),365FarmNet,Berlin,https://de.indeed.com/Zeige-Job?jk=eba54ce8b82dde91
Senior Frontend Developer,scoutbee,Berlin,https://de.indeed.com/Zeige-Job?jk=def89b310841850b
Frontend Developer (x/f/m),3D Instagraph,Berlin-Kreuzberg,https://de.indeed.com/Zeige-Job?jk=d705c754b8c352e0
Designer & JS Developer (Experienced) - Worldwide Remote Friendly,Enspara,Berlin,https://de.indeed.com/Zeige-Job?jk=8d6ebeb5999cd0ee
SiaSearch - Frontend Engineer,Merantix,Berlin,https://de.indeed.com/Zeige-Job?jk=93df50ad59060d6f
Senior Frontend Developer (w/m/d),Basilicom GmbH,Berlin-Kreuzberg,https://de.indeed.com/Zeige-Job?jk=541ff8bfea752869
Senior Front End Developer,Datapath.io GmbH,Berlin,https://de.indeed.com/Zeige-Job?jk=9c934538b6ee073c
Full Stack Engineer (m/w/d),Axel Springer,Berlin,https://de.indeed.com/Zeige-Job?jk=8472573f2e180eb4
Senior Frontend Developer,Bernd Ulrich IT- Recruiting,Berlin,https://de.indeed.com/Zeige-Job?jk=16341ab1fcd867ad
Engineering Manager Frontend (m/w/x),Homeday GmbH,Berlin,https://de.indeed.com/Zeige-Job?jk=9a81097c0085131c
Technical Producer,Wooga,Berlin,https://de.indeed.com/Zeige-Job?jk=257b08843aa162cf
Senior Frontend Engineer - Customer Services (m/f/d),Takeaway.com,Berlin,https://de.indeed.com/Zeige-Job?jk=183f7fdf412486f1
Backend Engineer (f/m/x),Zenjob,Berlin,https://de.indeed.com/Zeige-Job?jk=ddfbc01431a6a9b7
Web- und Anwendungsentwickler/in,swepp GmbH - System & Web Applications,Berlin,https://de.indeed.com/Zeige-Job?jk=9e4a11e5b9241667
JAVASCRIPT DEVELOPER,Simple Techs,Berlin,https://de.indeed.com/Zeige-Job?jk=555fcde326fd57b2
Full Stack developer,Penta,Berlin,https://de.indeed.com/Zeige-Job?jk=f5d65bd218dfc2b5
CTO (w/m/x),The Female Company,Berlin,https://de.indeed.com/Zeige-Job?jk=dd69f43b753e3fb6
Data Engineer (m/w/d),HireBird GmbH,Berlin,https://de.indeed.com/Zeige-Job?jk=1c4ccc50cc3ae50f
Full-stack Entwickler (w/m/d) Team Balance & Trading,Lumenaza,Berlin-Kreuzberg,https://de.indeed.com/Zeige-Job?jk=f463a189160a48c7
Frontend Entwickler (m/w/d),Zertificon Solutions GmbH,Berlin,https://de.indeed.com/Zeige-Job?jk=e3ae9c12b5e5ec81
Senior Brand Ambassador,Canada Goose,Berlin,https://de.indeed.com/Zeige-Job?jk=77f672448a71437b
Frontend Developer - Senior Level (m/f/d),Liefery,Berlin,https://de.indeed.com/Zeige-Job?jk=c0b63123da36b4ed
Full Stack Java-Entwickler (m/w/d),EBP Deutschland GmbH,Berlin,https://de.indeed.com/Zeige-Job?jk=8011b83c228da13d
PHP Fullstack Entwickler (m/w/d),Healy World GmbH,Berlin,https://de.indeed.com/Zeige-Job?jk=46df70225397d173
Web Developer React/Redux (w/m/d),Unitedprint.com SE,Deutschland,https://de.indeed.com/Zeige-Job?jk=ee36f1e0fbd47d0b
Frontendentwickler (m/w/d) react und GraphQL,ML!PA Consulting GmbH,Berlin-Friedrichshain,https://de.indeed.com/Zeige-Job?jk=6ad5288e37121750
Senior Frontend Developer Typescript React (m/w/d),Eberlein und Kunz GbR,Berlin,https://de.indeed.com/Zeige-Job?jk=99a4eb9f0bd66730
PHP Fullstack Entwickler (m/w/d),Healy World GmbH,Berlin,https://de.indeed.com/Zeige-Job?jk=46df70225397d173
Web Developer React/Redux (w/m/d),Unitedprint.com SE,Deutschland,https://de.indeed.com/Zeige-Job?jk=ee36f1e0fbd47d0b
Full Stack Java-Entwickler (m/w/d),EBP Deutschland GmbH,Berlin,https://de.indeed.com/Zeige-Job?jk=8011b83c228da13d
Full Stack Javascript Engineer - New Verticals (f/m/d),Delivery Hero,Berlin,https://de.indeed.com/Zeige-Job?jk=84fad4088bc3745d
Frontend Entwickler (m/w/x) für den Bereich Atlassian Consulting,Meelogic Consulting AG,Berlin,https://de.indeed.com/Zeige-Job?jk=1f870191a189092d
[Working Contract/ Project Work] Mobile SDK Development (m/f/d),Mage,Berlin,https://de.indeed.com/Zeige-Job?jk=d9b0fffd21a042fc
Software Engineer - Security (m/f/d),Scout24,Berlin,https://de.indeed.com/Zeige-Job?jk=01a59a9a560dbedf
Senior Frontend Engineer (13330),REDSOFA BERLIN GMBH,Berlin,https://de.indeed.com/Zeige-Job?jk=4c3fc8342be77352
Fullstack Developer (Berlin),issuu,Berlin,https://de.indeed.com/Zeige-Job?jk=3e4feae347203536
Senior Frontend Engineer (m/f/d),heycar,Berlin,https://de.indeed.com/Zeige-Job?jk=455d5091a7bc46b3
Frontend PHP Developer (m/w/d),LUMAS Art Editions GmbH,Berlin,https://de.indeed.com/Zeige-Job?jk=4bbcdf8045c42ea4
Lead Engineer (m/f/x),Zizooboats GmbH,Berlin-Kreuzberg,https://de.indeed.com/Zeige-Job?jk=2086f0bb8880565c
Intern People Operations (f/m/x),audibene GmbH,Berlin,https://de.indeed.com/Zeige-Job?jk=5eb4ac94db9f7d16
Web Developer (Support Engineer),genvid technologies,Berlin,https://de.indeed.com/Zeige-Job?jk=5009f8095965d387
Headless WordPress: die Kombination reichhaltiger Inhalte mit komplexer Anwendungslogik,sprylab technologies,Berlin,https://de.indeed.com/Zeige-Job?jk=e03bcdc5127e3d27
"Country Manager, Germany",Coda Payments,Berlin,https://de.indeed.com/Zeige-Job?jk=1f6c23f6f71a4e54
Trainee Software Engineering - Java (all genders),Accenture,Berlin,https://de.indeed.com/Zeige-Job?jk=a6d53dc3cde9e819
Frontend Engineer (English speaking),MobiLab Solutions GmbH,Berlin,https://de.indeed.com/Zeige-Job?jk=2af35d863b31c5d6
Senior Full Stack Developer (f/m/d) Berlin,Unleashed-Capital,Berlin,https://de.indeed.com/Zeige-Job?jk=78172024e252103a
GUI-Gott (m/w/d),Omikron Data Quality,Berlin,https://de.indeed.com/Zeige-Job?jk=934a2624ffefd32a
Javas­cript Entwickler React (m/w/d),Omikron Data Quality,Berlin,https://de.indeed.com/Zeige-Job?jk=61106b24a958634d
Senior Frontend Engineer (m/f/d),Vivy GmbH,Berlin,https://de.indeed.com/Zeige-Job?jk=830cf156c98ad6d9
React Native Engineer (f/m/x | remote possible in CET timezone),Cara Care,Berlin,https://de.indeed.com/Zeige-Job?jk=bd8e605bcabf7415
Senior Software Engineer - Frontend (m/f/d),Axel Springer,Berlin,https://de.indeed.com/Zeige-Job?jk=228abbde39da0dc1
Team Lead Frontend - Web Applications (m/f/d),Vimcar,Berlin-Kreuzberg,https://de.indeed.com/Zeige-Job?jk=be724357036870f5
Fullstack Javascript Developer,N3XTCODER,Berlin,https://de.indeed.com/Zeige-Job?jk=60c103631732b8b0
Anwendungsentwickler/Projektentwickler (m/w/d) Java,OPTIMAL SYSTEMS GmbH,Berlin,https://de.indeed.com/Zeige-Job?jk=f89b72b1f9bbd7b5
Softwareentwickler (m/w/d),Randstad Deutschland,Berlin,https://de.indeed.com/Zeige-Job?jk=ce1feab62ae38963
Senior Frontend Engineer,Home HT,Berlin,https://de.indeed.com/Zeige-Job?jk=43880f9c5853ff30
Senior Full-Stack Developer (m/f/d),byrd technologies GmbH,Berlin-Kreuzberg,https://de.indeed.com/Zeige-Job?jk=c0712ba082cc2b9c
Student Full Stack Developer,UNITY,Berlin,https://de.indeed.com/Zeige-Job?jk=3288fde74910a32a
Clojure Developer,Status,Berlin,https://de.indeed.com/Zeige-Job?jk=39553203ec31d1a1
(Senior) Software Engineer,SIMPLO,Berlin,https://de.indeed.com/Zeige-Job?jk=41bff943fbe26ca5
"Full-stack web developer (f/m/d) Ruby, Ruby on Rails, React.js",Divimove GmbH,Berlin,https://de.indeed.com/Zeige-Job?jk=2094282c82cb8e37
Senior Application Security Engineer (m/f/x),Wayfair,Berlin,https://de.indeed.com/Zeige-Job?jk=37f48adf7c4e07b7
QA Engineer (m/f/x),Lindera,Berlin-Kreuzberg,https://de.indeed.com/Zeige-Job?jk=8dc0eb8b3676186e
Development,SIRUP,Berlin,https://de.indeed.com/Zeige-Job?jk=c6501a2ae724d2f8
Lecturer Web Development (m/w/d),Digital Career Institute,Berlin,https://de.indeed.com/Zeige-Job?jk=d967bbaa91eb12c2
"Senior Fullstack Engineer / JavaScript (React, Node.js) Re-engagement team (m / f / d)",Omio,Berlin,https://de.indeed.com/Zeige-Job?jk=739b10f632b2ec8f
Full Stack TypeScript Softwareentwickler (m/w/d),M&H Marketing,Berlin,https://de.indeed.com/Zeige-Job?jk=6d570db5b15db988
Software Engineer - Backend (f/m/d),Valsight,Berlin,https://de.indeed.com/Zeige-Job?jk=00faebfe38468a27
Ruby on Rails Developer (m/f/d),Makerist,Treptower Park,https://de.indeed.com/Zeige-Job?jk=e8059738341637e2
(Senior) Fullstack Developer (m/w/d),Bundesdruckerei,Berlin,https://de.indeed.com/Zeige-Job?jk=239972efa82a17b4
Business Development Intern (f/m/x),audibene GmbH,Berlin,https://de.indeed.com/Zeige-Job?jk=b66c99702d9031f4
Frontend Developer (w/m/d) Gym Experience,FitX,Berlin,https://de.indeed.com/Zeige-Job?jk=cc5f0aa1d2db6f88
Softwareentwickler Web (w/m/d),t2informatik GmbH,Berlin,https://de.indeed.com/Zeige-Job?jk=b633e6fb318c2bab
Senior Frontend Developer (m/w/d),Aperto,Berlin,https://de.indeed.com/Zeige-Job?jk=a2e64b9465d528d5
Senior Consultant Engineering (m/w/d),kreuzwerker GmbH,Berlin-Kreuzberg,https://de.indeed.com/Zeige-Job?jk=3155b11ef61b56b6
Web Development Coach (m/f/d) in Berlin,DCI Digital Career Institute,Berlin,https://de.indeed.com/Zeige-Job?jk=d36a95c0addf0f6f
Senior Frontend Engineer,Oetker Digital GmbH,Berlin-Friedrichshain,https://de.indeed.com/Zeige-Job?jk=84aea4994eb53b1e
Senior Frontend Software Engineer,HiPeople,Berlin,https://de.indeed.com/Zeige-Job?jk=c92aa4fbe5a7b816
Softwareentwickler / Software Developer (m/w/d),Competence Call Center,Berlin,https://de.indeed.com/Zeige-Job?jk=934d368f3634f866
Senior React Native / Mobile Engineer (f/m/d),CoachHub GmbH,Berlin,https://de.indeed.com/Zeige-Job?jk=e4042246758147b2
Frontendentwickler (m/w/d) react und GraphQL,ML!PA Consulting GmbH,Berlin-Friedrichshain,https://de.indeed.com/Zeige-Job?jk=6ad5288e37121750
Senior Frontend Developer Typescript React (m/w/d),Eberlein und Kunz GbR,Berlin,https://de.indeed.com/Zeige-Job?jk=99a4eb9f0bd66730
Senior Frontend Engineer (m/f/d),Vivy GmbH,Berlin,https://de.indeed.com/Zeige-Job?jk=830cf156c98ad6d9
React Native Engineer (f/m/x | remote possible in CET timezone),Cara Care,Berlin,https://de.indeed.com/Zeige-Job?jk=bd8e605bcabf7415
Senior Software Engineer - Frontend (m/f/d),Axel Springer,Berlin,https://de.indeed.com/Zeige-Job?jk=228abbde39da0dc1
Team Lead Frontend - Web Applications (m/f/d),Vimcar,Berlin-Kreuzberg,https://de.indeed.com/Zeige-Job?jk=be724357036870f5
Fullstack Javascript Developer,N3XTCODER,Berlin,https://de.indeed.com/Zeige-Job?jk=60c103631732b8b0
Anwendungsentwickler/Projektentwickler (m/w/d) Java,OPTIMAL SYSTEMS GmbH,Berlin,https://de.indeed.com/Zeige-Job?jk=f89b72b1f9bbd7b5
Softwareentwickler (m/w/d),Randstad Deutschland,Berlin,https://de.indeed.com/Zeige-Job?jk=ce1feab62ae38963
Senior Frontend Engineer,Home HT,Berlin,https://de.indeed.com/Zeige-Job?jk=43880f9c5853ff30
Senior Full-Stack Developer (m/f/d),byrd technologies GmbH,Berlin-Kreuzberg,https://de.indeed.com/Zeige-Job?jk=c0712ba082cc2b9c
Student Full Stack Developer,UNITY,Berlin,https://de.indeed.com/Zeige-Job?jk=3288fde74910a32a
Clojure Developer,Status,Berlin,https://de.indeed.com/Zeige-Job?jk=39553203ec31d1a1
(Senior) Software Engineer,SIMPLO,Berlin,https://de.indeed.com/Zeige-Job?jk=41bff943fbe26ca5
"Full-stack web developer (f/m/d) Ruby, Ruby on Rails, React.js",Divimove GmbH,Berlin,https://de.indeed.com/Zeige-Job?jk=2094282c82cb8e37
Senior Application Security Engineer (m/f/x),Wayfair,Berlin,https://de.indeed.com/Zeige-Job?jk=37f48adf7c4e07b7
QA Engineer (m/f/x),Lindera,Berlin-Kreuzberg,https://de.indeed.com/Zeige-Job?jk=8dc0eb8b3676186e
Development,SIRUP,Berlin,https://de.indeed.com/Zeige-Job?jk=c6501a2ae724d2f8
Lecturer Web Development (m/w/d),Digital Career Institute,Berlin,https://de.indeed.com/Zeige-Job?jk=d967bbaa91eb12c2
"Senior Fullstack Engineer / JavaScript (React, Node.js) Re-engagement team (m / f / d)",Omio,Berlin,https://de.indeed.com/Zeige-Job?jk=739b10f632b2ec8f
Full Stack TypeScript Softwareentwickler (m/w/d),M&H Marketing,Berlin,https://de.indeed.com/Zeige-Job?jk=6d570db5b15db988
Software Engineer - Backend (f/m/d),Valsight,Berlin,https://de.indeed.com/Zeige-Job?jk=00faebfe38468a27
Ruby on Rails Developer (m/f/d),Makerist,Treptower Park,https://de.indeed.com/Zeige-Job?jk=e8059738341637e2
(Senior) Fullstack Developer (m/w/d),Bundesdruckerei,Berlin,https://de.indeed.com/Zeige-Job?jk=239972efa82a17b4
Business Development Intern (f/m/x),audibene GmbH,Berlin,https://de.indeed.com/Zeige-Job?jk=b66c99702d9031f4
Frontend Developer (w/m/d) Gym Experience,FitX,Berlin,https://de.indeed.com/Zeige-Job?jk=cc5f0aa1d2db6f88
Softwareentwickler Web (w/m/d),t2informatik GmbH,Berlin,https://de.indeed.com/Zeige-Job?jk=b633e6fb318c2bab
Senior Frontend Developer (m/w/d),Aperto,Berlin,https://de.indeed.com/Zeige-Job?jk=a2e64b9465d528d5
Senior Consultant Engineering (m/w/d),kreuzwerker GmbH,Berlin-Kreuzberg,https://de.indeed.com/Zeige-Job?jk=3155b11ef61b56b6
Web Development Coach (m/f/d) in Berlin,DCI Digital Career Institute,Berlin,https://de.indeed.com/Zeige-Job?jk=d36a95c0addf0f6f
Senior Frontend Engineer,Oetker Digital GmbH,Berlin-Friedrichshain,https://de.indeed.com/Zeige-Job?jk=84aea4994eb53b1e
Senior Frontend Software Engineer,HiPeople,Berlin,https://de.indeed.com/Zeige-Job?jk=c92aa4fbe5a7b816
Softwareentwickler / Software Developer (m/w/d),Competence Call Center,Berlin,https://de.indeed.com/Zeige-Job?jk=934d368f3634f866
Senior React Native / Mobile Engineer (f/m/d),CoachHub GmbH,Berlin,https://de.indeed.com/Zeige-Job?jk=e4042246758147b2
Für Freelancer: Freelance Junior Frontend Developer,,Berlin,https://de.indeed.com/Zeige-Job?jk=bb608f5ef72bfdbb
(Senior) Full-Stack Web Developer (m/w/d),asgoodasnew electronics GmbH,Berlin,https://de.indeed.com/Zeige-Job?jk=96fc3fb2a8ac0960
Sr. Frontend Developer,Canotic,Berlin,https://de.indeed.com/Zeige-Job?jk=1d53c9a3726a6beb
UI Engineer (Design Systems) (m/f/d),Takeaway.com,Berlin,https://de.indeed.com/Zeige-Job?jk=4910064280d00a87
Senior Software Engineer (m/f/d),Sauce Labs,Berlin,https://de.indeed.com/Zeige-Job?jk=f972d244df06ddd2
"Senior Management Consultant (m/f/d) Strategy Consulting, Berlin, Germany",Siemens AG,Berlin,https://de.indeed.com/Zeige-Job?jk=94e964e37cb37569
Merantix Labs - Front-End Developer,Merantix,Berlin,https://de.indeed.com/Zeige-Job?jk=c7aa8cf861c68bc9
Full Stack Developer (m/w/d),Plan D GmbH,Berlin,https://de.indeed.com/Zeige-Job?jk=c5b4f6d2387f6cf6
Full Stack Engineer Video (m/w/d),Axel Springer,Berlin,https://de.indeed.com/Zeige-Job?jk=b5c3c9878705f071
Full Stack Developer (Junior/Senior),UNITY,Berlin,https://de.indeed.com/Zeige-Job?jk=885ae5c2538d40b3
Senior Full-Stack Developer (m/f/x),ubitricity - Gesellschaft für verteilte Energiesys...,Berlin,https://de.indeed.com/Zeige-Job?jk=2d6e7ccf252faec7
Full Stack Developer,ConsciousGrowth,Berlin,https://de.indeed.com/Zeige-Job?jk=a68d1c5b8533c74e
Senior Frontend Engineer (m/f/d),byrd technologies GmbH,Berlin-Kreuzberg,https://de.indeed.com/Zeige-Job?jk=d3f8ad766855744c
Entwicklerin (all genders) Web Frontend,Accenture,Berlin,https://de.indeed.com/Zeige-Job?jk=4ed93cb398a5e02b
Du bist Softwareentwickler/in und hast Erfahrungen in PHP und Javascript WebDevelopment,Idpraxis,Berlin,https://de.indeed.com/Zeige-Job?jk=15f28a9ede93f379
AEM Entwickler,TECLEAD UG,Berlin,https://de.indeed.com/Zeige-Job?jk=6352d0acb62baa5b
Senior Frontend Developer (w/m/d) - Berlin,brandung GmbH & Co. KG,Berlin-Kreuzberg,https://de.indeed.com/Zeige-Job?jk=2fa44cd5eff54a1f
Javascript Developer (x/f/m),MYCS,Berlin,https://de.indeed.com/Zeige-Job?jk=95941dc6d0ac8764
Tech Lead Frontend (m/f/x),Aroundhome,Berlin,https://de.indeed.com/Zeige-Job?jk=630b378c4da5629f
Für Freelancer: Full-Stack Entwicklung von Microservices und APIs mit Angular und TypeScript,,Berlin,https://de.indeed.com/Zeige-Job?jk=3b5d1795be389a6a
"Project Lead (m/f/d) Strategy Consulting, Berlin, Germany",Siemens AG,Berlin,https://de.indeed.com/Zeige-Job?jk=81a0ca523f9ee42e
"Vice President, Customer Facing Applications",Zalando,Berlin,https://de.indeed.com/Zeige-Job?jk=a635f8250b3f90f9
"Webdesigner, Mediengestalter (m/w/d)",guwadesign GmbH,Berlin-Mitte,https://de.indeed.com/Zeige-Job?jk=82a78510db0ff486
Senior Frontend Web Developer,dkb,Berlin,https://de.indeed.com/Zeige-Job?jk=5d6a02a22bcdb3d1
Frontend Engineer - Core Web Framework,Zalando,Berlin,https://de.indeed.com/Zeige-Job?jk=947464f74c2b9467
Senior Software Engineer (m/f/d),Sonova Marketing GmbH,Berlin,https://de.indeed.com/Zeige-Job?jk=4fee889540d1a072
Senior QA Engineer,Durstexpress GmbH,Berlin,https://de.indeed.com/Zeige-Job?jk=0a125455d0d71cd6
Senior Frontend Developer | WordPress,Bitlane,Berlin,https://de.indeed.com/Zeige-Job?jk=cf8bce698e28acd0
(Senior) Frontend Developer (m/f/d),Sharpist,Berlin,https://de.indeed.com/Zeige-Job?jk=d38020173d90dfdf
Frontend Developer (m/w/d),Supper & Supper GmbH,Berlin,https://de.indeed.com/Zeige-Job?jk=5fe6ce9e3d882c97
Full Stack Engineer (m/f/x),Quandoo GmbH,Berlin,https://de.indeed.com/Zeige-Job?jk=9f3f843465230b74
Softwareentwickler (m/w/d),Rhein-Main-Verkehrsverbund Servicegesellschaft mbH,Berlin,https://de.indeed.com/Zeige-Job?jk=ed3290374eede371
Backend Engineer (Java) (f/m/x),Seven Senders,Berlin,https://de.indeed.com/Zeige-Job?jk=078a311809606ec3
Softwareentwickler - JavaScript (m|w|d),Comsysto Reply GmbH,Berlin,https://de.indeed.com/Zeige-Job?jk=a9aaf8267e146292
(Junior) Frontend Entwickler (m/w/d) Webentwicklung / React,Campusjäger GmbH,Berlin,https://de.indeed.com/Zeige-Job?jk=6912b6093e858c44
Senior PCS Controls Development Engineer,"Aggreko, LLC",Berlin,https://de.indeed.com/Zeige-Job?jk=9abcc4abb5f8760d
Engineering Manager (m/f/d),Uberall,Berlin,https://de.indeed.com/Zeige-Job?jk=0a03c555dae031f8
Senior Full Stack Engineer (m/f/x),New Yorker,Berlin-Schöneberg,https://de.indeed.com/Zeige-Job?jk=67de7a42d1b648e3
SENIOR DEVELOPER / ARCHITECT (w/m/d),Turbine Kreuzberg GmbH,Berlin,https://de.indeed.com/Zeige-Job?jk=abe8730eb452ce02
Full-Stack/ Frontend Developer (m/f/d),Gymondo GmbH,Berlin,https://de.indeed.com/Zeige-Job?jk=1508e3b9e21a1250
Senior Backend Developer,Bitlane,Berlin,https://de.indeed.com/Zeige-Job?jk=a946d71edae45201
"Senior Developer (React, node.js) (m/f/d)",EverEstate,Berlin,https://de.indeed.com/Zeige-Job?jk=516ae5f1dfc6cf9f
Senior Frontend Developer (m/w/d),Aroundhome,Berlin,https://de.indeed.com/Zeige-Job?jk=642ce186984a7e79
Java Entwickler (m/w/d),Omikron Data Quality,Berlin,https://de.indeed.com/Zeige-Job?jk=d025c47fb715bbbd
Senior Mobile Application Developer (f/m/x),colorfy,Berlin,https://de.indeed.com/Zeige-Job?jk=69c55528ffd0ac25
(Senior) Full Stack Engineer,Talentspace,Berlin-Kreuzberg,https://de.indeed.com/Zeige-Job?jk=f8373c12ebf32681
Für Freelancer: Freelance Junior Frontend Developer,,Berlin,https://de.indeed.com/Zeige-Job?jk=bb608f5ef72bfdbb
Web Frontend Entwickler,TECLEAD UG,Berlin,https://de.indeed.com/Zeige-Job?jk=6acbb4276d927711
Full-Stack Entwickler Angular (w/m/d),Schwertfels Consulting GmbH,Berlin,https://de.indeed.com/Zeige-Job?jk=f0a131627090ba84
Senior Frontend Engineer,AIRSIDERS,Berlin,https://de.indeed.com/Zeige-Job?jk=ac8298c0eebf2f0d
Junior Berater Frontend Solutions (w/m/d)*,Capgemini,Berlin,https://de.indeed.com/Zeige-Job?jk=dfbb7783375b6de1
JavaScript Entwickler (w/m/d),adesso SE,Berlin,https://de.indeed.com/Zeige-Job?jk=68cef5cb511a0457
Senior JavaScript Entwickler/-in mit react.js Erfahrungen,th data GmbH,Berlin,https://de.indeed.com/Zeige-Job?jk=eb19a212ef8b1c69
Senior Architect,Atos,Berlin,https://de.indeed.com/Zeige-Job?jk=33bc40e8de2ba616
(Senior) Frontend Developer (m/w/d),Lendis GmbH,Berlin,https://de.indeed.com/Zeige-Job?jk=316e7d0193b08770
Senior Backend Engineer,OneFootball GmbH,Berlin,https://de.indeed.com/Zeige-Job?jk=56b751e2418dec99
Software Engineer (Backend),Kiron Open Higher Education gGmbH,Berlin,https://de.indeed.com/Zeige-Job?jk=c97d59cda9716d5f
JavaScript Developer,AMsource Technology,Berlin,https://de.indeed.com/Zeige-Job?jk=027ba248b5d81837
Site Reliability Engineer (m/w/x),CORE,Berlin,https://de.indeed.com/Zeige-Job?jk=50adae6fd8fff2ba
Senior Software Engineer- Payments (f/m/x),Wayfair,Berlin,https://de.indeed.com/Zeige-Job?jk=53d53a26124a4dbd
Software Frontend Engineer,ClimatePartner GmbH,Berlin,https://de.indeed.com/Zeige-Job?jk=b40e03a04581dbdd
Senior Software Engineer - Frontend (m/f/d),Enpal GmbH,Berlin-Friedrichshain,https://de.indeed.com/Zeige-Job?jk=00be9283afe702cb
Senior Fullstack Developer,Construyo,Berlin,https://de.indeed.com/Zeige-Job?jk=eb99334fe3f678db
Technical Architect (m/f/x),CORE,Berlin,https://de.indeed.com/Zeige-Job?jk=3e36dce418043e51
Full Stack Entwickler,TECLEAD UG,Berlin,https://de.indeed.com/Zeige-Job?jk=abdadb46ed2b1eef
Software Engineer (m/w/d),Interhyp AG,Berlin,https://de.indeed.com/Zeige-Job?jk=03ca24564d25a5e8
Javascript Frontend Entwickler (m/w/d),Ventoro,Berlin,https://de.indeed.com/Zeige-Job?jk=201b86e9b26dc89a
Product Owner - Design System (m/f/d),Relayr,Berlin,https://de.indeed.com/Zeige-Job?jk=5b54c8821501eba6
FULLSTACK ENTWICKLER (m/w/d),sprylab technologies,Berlin,https://de.indeed.com/Zeige-Job?jk=07bd0a1e13b14e56
Software Engineer III / Senior Software Engineer (Germany - Remote),MediaMath,Berlin,https://de.indeed.com/Zeige-Job?jk=887bc4ff5aa45c54
PHP Developer (m/f/d) in Berlin,momox,Berlin,https://de.indeed.com/Zeige-Job?jk=d59eab4fb4f069cc
Senior Product Owner Consumers,Takeaway.com,Berlin,https://de.indeed.com/Zeige-Job?jk=5c5600ff93c0c07e
Experienced Software Engineer m/f/d,Jolocom GmbH,Berlin,https://de.indeed.com/Zeige-Job?jk=a4bc05e6809fc4dd
Für Freelancer: Full-Stack Entwicklung von Microservices und APIs mit Angular und TypeScript,,Berlin,https://de.indeed.com/Zeige-Job?jk=3b5d1795be389a6a
Senior Webentwickler Frontend JavaScript*,interactive tools GmbH,Berlin,https://de.indeed.com/Zeige-Job?jk=fc6c2683d886d3db
Python Developer Full Stack (m/f/d),momox,Berlin,https://de.indeed.com/Zeige-Job?jk=28860fc1b8a66df1
Senior Frontend Developer (m/f/x),Aroundhome,Berlin,https://de.indeed.com/Zeige-Job?jk=fe6a1b78a44d6970
Senior Software Engineer (m/f/d),Takeaway.com,Berlin,https://de.indeed.com/Zeige-Job?jk=ea7c5903ddda29f2
SiaSearch - Full Stack Software Engineer,Merantix,Berlin,https://de.indeed.com/Zeige-Job?jk=7cb260edbda93169
Senior Front End Engineer (m/f/d),Coya AG,Berlin-Kreuzberg,https://de.indeed.com/Zeige-Job?jk=5b1a11ecb579a211
(Senior) Full Stack Developer (w/m/d),Media4Care GmbH,Berlin,https://de.indeed.com/Zeige-Job?jk=c18d90710dd727a0
Senior Angular Entwickler (m/w/d),HireBird GmbH,Berlin,https://de.indeed.com/Zeige-Job?jk=463f0a6a8a3e779e
Frontend Engineer (f/m/d),kfzteile24 GmbH,Berlin-Treptow,https://de.indeed.com/Zeige-Job?jk=102be22aac99fa94
Senior Frontend Developer - NP20,Moyyn,Berlin,https://de.indeed.com/Zeige-Job?jk=1a755b3a7c482d0a
Node.js-Entwickler (w/m/d),adesso SE,Berlin,https://de.indeed.com/Zeige-Job?jk=4bb5cd162b079652
Senior Software Engineer - Tools (React.js),Wooga,Berlin,https://de.indeed.com/Zeige-Job?jk=e6d2a49161f1a00e
Frontend Developer (m/w/d),OPITZ CONSULTING Deutschland GmbH,Berlin,https://de.indeed.com/Zeige-Job?jk=52f3381030ed25ba
Engineering Lead (f/m/x),Zenjob,Berlin,https://de.indeed.com/Zeige-Job?jk=1826108763f8f4e8
Engineering Manager Frontend (m/f/x),Homeday GmbH,Berlin,https://de.indeed.com/Zeige-Job?jk=f994e4ef66a7a4ec
Web-Entwickler mit Angular-Kenntnissen (m/w/d),IT & I Internet-Technologien und Informationsverar...,Berlin,https://de.indeed.com/Zeige-Job?jk=56b9ea1c89881b3c
Head of IT (d/m/w) @MieterEngel,Rheingau Founders Portfolio,Berlin,https://de.indeed.com/Zeige-Job?jk=8428b913b7115d71
Java-Entwicklerin (all genders) CMS – Adobe Experience Manager (AEM),Accenture,Berlin,https://de.indeed.com/Zeige-Job?jk=fb1c2f75c18661f8
(Senior) Fullstack Engineer (m/f/w),Zalando,Berlin,https://de.indeed.com/Zeige-Job?jk=ca933d59843ac8e5
Für Freelancer: Freelance Junior Frontend Developer,,Berlin,https://de.indeed.com/Zeige-Job?jk=bb608f5ef72bfdbb
Product Journey Manager* / Data Coach*,UNITY,Berlin,https://de.indeed.com/Zeige-Job?jk=f6081264acbbc3a4
Android Engineer,Durstexpress GmbH,Berlin,https://de.indeed.com/Zeige-Job?jk=5b0290fdf1d9f200
Architect XT – Frontend Development (m/w),SapientRazorfish,Berlin,https://de.indeed.com/Zeige-Job?jk=22ca55077a5c4690
Engineering Manager (POS Integrations) - Logistics Vendor (f/m/d),Delivery Hero,Berlin,https://de.indeed.com/Zeige-Job?jk=cc238f5658f2b149
Senior Frontend Engineer - Design Tools (m/f/d),Pitch Software GmbH,Berlin,https://de.indeed.com/Zeige-Job?jk=876999760de7a634
Senior Frontend Engineer - Sustainability,Zalando,Berlin,https://de.indeed.com/Zeige-Job?jk=e8ed95647d0c7fde
Head Developer (m/w),bull markets media GmbH,Berlin,https://de.indeed.com/Zeige-Job?jk=817b245676c166de
Senior Frontend Developer (m/w/d),Neofonie GmbH,Berlin,https://de.indeed.com/Zeige-Job?jk=215d3c3103794ade
TYPO3 Developer (w/*/m),queo GmbH,Berlin,https://de.indeed.com/Zeige-Job?jk=fe3da68456dea072
(Senior) Frontend Engineer (f/m/x),D4L data4life gGmbH,Berlin,https://de.indeed.com/Zeige-Job?jk=d728f7a2d4bf2a22
(Senior) .NET Software Developer (m/w/d),HireBird GmbH,Berlin,https://de.indeed.com/Zeige-Job?jk=26bef438830c4196
Lead Data Engineer,GlassDollar,Berlin,https://de.indeed.com/Zeige-Job?jk=c55979f0d9039da0
"Sr. Software Engineer, Front End",Sourceability North America,Berlin,https://de.indeed.com/Zeige-Job?jk=49d27e46d5ac8a70
Frontend Developer (w/m/d),ONDIGO GmbH & CO. KG,Berlin,https://de.indeed.com/Zeige-Job?jk=c0e0591e9dd8c5a7
Senior Full-Stack Engineer (Java + React) - Policy Life Cycle (m/f/div),ELEMENT Insurance AG,Berlin,https://de.indeed.com/Zeige-Job?jk=eab6f67d1726837a
(Senior) Frontend Engineer,Back Technologies GmbH,Berlin,https://de.indeed.com/Zeige-Job?jk=80be90cafc11a8ed
Technical Architect (m/w/x),CORE,Berlin,https://de.indeed.com/Zeige-Job?jk=a2cda0679a475b40
Full-stack PHP developer 80-100%,Dimando Projektentwicklung GmbH,Berlin,https://de.indeed.com/Zeige-Job?jk=ea33dd53b6e542cc
Frontend Performance Engineer (m/f/d),Pitch Software GmbH,Berlin,https://de.indeed.com/Zeige-Job?jk=f0908c6ea59bccc3
Senior Software Engineer - Frontend (m/w/d),Enpal,Berlin,https://de.indeed.com/Zeige-Job?jk=0a4d2e850923eaad
Dutch Talent Acquisition Intern (f/m/x),audibene GmbH,Berlin,https://de.indeed.com/Zeige-Job?jk=eb260da2612c0302
Full-Stack Web Entwickler (PHP/Laravel) Werkstudent (m/w/d),eigens.net,Berlin,https://de.indeed.com/Zeige-Job?jk=e10059c9fa02d205
SENIOR DEVELOPER (w/m/d),Turbine Kreuzberg GmbH,Berlin,https://de.indeed.com/Zeige-Job?jk=c472a5fa6bd2dd7b
Java Technical Lead,Osudio,Berlin,https://de.indeed.com/Zeige-Job?jk=0de9a898dc186281
(Senior) Frontend Developer *,myToys.de,Berlin,https://de.indeed.com/Zeige-Job?jk=8f877b2b8ce66d02
Software Development Engineer,Amazon Development Center DEU,Berlin,https://de.indeed.com/Zeige-Job?jk=f022952829061d19
Senior Frontend Developer,Durstexpress GmbH,Berlin,https://de.indeed.com/Zeige-Job?jk=b439c0428cd6b99e
Senior Software Engineer (m/w/d),Beets&Roots GmbH,Berlin,https://de.indeed.com/Zeige-Job?jk=60b644790cc426c4
Senior Frontend Developer,XYMATIC,Berlin,https://de.indeed.com/Zeige-Job?jk=cfa1e422ae53b946
Chief Technology Officer (m/f/x) @ High-Growth Startup,Atlantic Labs,Berlin,https://de.indeed.com/Zeige-Job?jk=bcfd4a69158d2f6e
Senior Frontend Developer (f/m/x),Ubermetrics Technologies GmbH,Berlin,https://de.indeed.com/Zeige-Job?jk=e08d94de904b19ac
"Engineering | Senior Full Stack Engineer (React, Node.js) (x/f/m)",Hopkins,Berlin-Kreuzberg,https://de.indeed.com/Zeige-Job?jk=d75bb6e38c4e7c4b
PHP Entwickler (w/m/d),iVentureGroup,Berlin,https://de.indeed.com/Zeige-Job?jk=17e0ec894b067241
Node.js Softwareentwickler (m/f/d/x),Versio.io - A brand of QMETHODS GmbH,Berlin,https://de.indeed.com/Zeige-Job?jk=6249954428ed168d
Head of Engineering (f/m/d),Planetly,Berlin,https://de.indeed.com/Zeige-Job?jk=46e8ae4dac0e4fac
Software Engineer (m/w/d),Enpal,Berlin,https://de.indeed.com/Zeige-Job?jk=10931775f9330e7c
Fullstack Developer with Cloud Knowledge (m/f/d),Axel Springer,Berlin,https://de.indeed.com/Zeige-Job?jk=854eb60a33113a6f
Senior Frontend Web Developer (m/w/d),wetter.com GmbH,Berlin,https://de.indeed.com/Zeige-Job?jk=434837312789e897
Backend JavaScript Developer (f/m/d),doctari GmbH,Berlin-Friedrichshain,https://de.indeed.com/Zeige-Job?jk=abbbf4c99c00fe78
Lead Engineer (m/f/x),Zizoo,Berlin,https://de.indeed.com/Zeige-Job?jk=e6575685f4c77219
Software Architekt/ Entwickler (m/w/d),qmethods,Berlin,https://de.indeed.com/Zeige-Job?jk=24fb93902598426c
Senior Frontend Developer - Logistics Technology (m/f/d),Takeaway.com,Berlin,https://de.indeed.com/Zeige-Job?jk=a2eedeec846b0f51
Senior Ruby Software Engineer (m/f),Hundred,Berlin,https://de.indeed.com/Zeige-Job?jk=4d6d500d5881e018
Senior Frontend Engineer - Design Tools (m/f/d),Pitch,Berlin,https://de.indeed.com/Zeige-Job?jk=5cdbe14ca79cc8bd
Entwickler,SILREAL,Berlin,https://de.indeed.com/Zeige-Job?jk=e773a3298220571d
Senior Brand Ambassador - Operations,Canada Goose,Berlin,https://de.indeed.com/Zeige-Job?jk=1031b5425267974a
Web Developer (Fullstack) (m/f/d),SANDBOX INTERACTIVE GMBH,Berlin,https://de.indeed.com/Zeige-Job?jk=5dd699bf95fea071
Softwareentwickler C# / .Net (m/w/d),NEXUS AG,Berlin,https://de.indeed.com/Zeige-Job?jk=98479274b5ab6a11
Studentische Hilfskraft (m/w/d) für die Web-Entwicklung mit JavaScript,Fraunhofer-Gesellschaft,Berlin,https://de.indeed.com/Zeige-Job?jk=a162ac40fbb3beee
Workforce Staffing Manager (m/w/d),Randstad Deutschland,Berlin,https://de.indeed.com/Zeige-Job?jk=9b7d55331217c86c
Senior Frontend Engineer - Core Web Framework,Zalando,Berlin,https://de.indeed.com/Zeige-Job?jk=a0b5da600a855c96
Für Freelancer: Freelance Junior Frontend Developer,,Berlin,https://de.indeed.com/Zeige-Job?jk=bb608f5ef72bfdbb
Frontend Software Developer (m/w/d),Bernd Ulrich IT Recruiting,Berlin,https://de.indeed.com/Zeige-Job?jk=134819d3287e40ae
Senior Frontend Engineer – React.js (m/f/div),Elinvar GmbH,Berlin,https://de.indeed.com/Zeige-Job?jk=49ee1bd26b0b74a4
Senior Full Stack Developer,BERLIN BYTES,Berlin,https://de.indeed.com/Zeige-Job?jk=88ad637f71f19e88
Frontend/Fullstack Engineer (ReactJS) – Talent Platform (f/m/d),HEYJOBS,Berlin,https://de.indeed.com/Zeige-Job?jk=5387026c4ffb4aca
Fullstack-Developer (m/w),paper + coffee,Berlin,https://de.indeed.com/Zeige-Job?jk=04f35a0130311ead
Senior JavaScript Engineer,SNAPENGAGE,Berlin,https://de.indeed.com/Zeige-Job?jk=20486705eaec56ca
Engineering Manager - JavaScript,Klarna,Berlin,https://de.indeed.com/Zeige-Job?jk=b4e8a7db1d10a1ca
"Junior Software-Ingenieur Digital Solutions, UI/UX, Mobile, IoT (w/m/d)*",Capgemini,Berlin,https://de.indeed.com/Zeige-Job?jk=157e0f80014d1088
React.js Developer,Orange Quarter,Berlin,https://de.indeed.com/Zeige-Job?jk=f3b39454ef512a17
(Senior) Sales Manager (m/f/d),Carl Finance GmbH,Berlin,https://de.indeed.com/Zeige-Job?jk=03db4afba74d4af6
Senior Python Developer (m/w/d),jobpal,Berlin,https://de.indeed.com/Zeige-Job?jk=b6b468ee01f3a520
(SENIOR) FULL-STACK-ENTWICKLER (M/W/D),Deutsche Post,Berlin,https://de.indeed.com/Zeige-Job?jk=562026d54744e7f8
Senior Fullstack Developer (m/f/d) - react / node.js,Michael Page,Berlin,https://de.indeed.com/Zeige-Job?jk=7334915940750090
SENIOR DEVELOPER / LEAD (w/m/d),Turbine Kreuzberg GmbH,Berlin,https://de.indeed.com/Zeige-Job?jk=dcab3273e2b250a3
(Senior) Frontend-Entwickler (m/w/d) Webentwicklung / React,Campusjäger GmbH,Berlin,https://de.indeed.com/Zeige-Job?jk=3ec0d62c22c2db36
Chef de projet Hébergement (F/H/D) – Paris,K.I.T. Group GmbH,Berlin,https://de.indeed.com/Zeige-Job?jk=ae9102e9ab207118
Site Reliability Engineer (m/f/x),CORE,Berlin,https://de.indeed.com/Zeige-Job?jk=1bba5be180f83a1a
Product Manager,Jam City,Berlin,https://de.indeed.com/Zeige-Job?jk=d32cde6cde41e1b2
Senior Frontend Engineer - Consumer Shop (f/m/d),Delivery Hero,Berlin,https://de.indeed.com/Zeige-Job?jk=150e6547cb7ad305
Senior Frontend Engineer - New Verticals (f/m/d),Delivery Hero,Berlin,https://de.indeed.com/Zeige-Job?jk=fd87e0c7c38d30f4
Senior Software Engineer - Fullstack (m/f/d),Enpal GmbH,Berlin-Friedrichshain,https://de.indeed.com/Zeige-Job?jk=32025e27d955582e
Fullstack Developer,Orange Quarter,Berlin,https://de.indeed.com/Zeige-Job?jk=8ac7ce189bb4e6e5
PHP Fullstack Entwickler (m/w/d),Healy World GmbH,Berlin,https://de.indeed.com/Zeige-Job?jk=46df70225397d173
Web Developer React/Redux (w/m/d),Unitedprint.com SE,Deutschland,https://de.indeed.com/Zeige-Job?jk=ee36f1e0fbd47d0b
Frontendentwickler (m/w/d) react und GraphQL,ML!PA Consulting GmbH,Berlin-Friedrichshain,https://de.indeed.com/Zeige-Job?jk=6ad5288e37121750
Senior Frontend Developer Typescript React (m/w/d),Eberlein und Kunz GbR,Berlin,https://de.indeed.com/Zeige-Job?jk=99a4eb9f0bd66730
Senior Frontend Developer,Dalia Research,Berlin,https://de.indeed.com/Zeige-Job?jk=9a69149dab983c37
Softwareentwickler - Full Stack (m|w|d),Comsysto Reply GmbH,Berlin,https://de.indeed.com/Zeige-Job?jk=3ae336721e659bbe
Head of IT/Development (m/w/d),Expert Systems AG,Berlin,https://de.indeed.com/Zeige-Job?jk=c0479ce7ba2fad49
Trainer (m/f/d) for Full Stack Web and App Development,WBS Gruppe,Berlin,https://de.indeed.com/Zeige-Job?jk=af83f300ae6ebb35
Senior Frontend Developer,Dalia Research GmbH,Berlin,https://de.indeed.com/Zeige-Job?jk=0f6483192cc73485
Senior Frontend Engineer (m/f/x),fliit Holding GmbH,Berlin,https://de.indeed.com/Zeige-Job?jk=976e0274b4e4639f
IT-Werkstudent*in (m/w/d),QuadriO Beratungsgesellschaft mbH von ITbbb.de,Berlin,https://de.indeed.com/Zeige-Job?jk=e495d67ee886748c
Senior Full Stack Engineer - Category Experience,Zalando,Berlin,https://de.indeed.com/Zeige-Job?jk=f2bd57653e7992a9
Technical Director w/m/d,Scholz & Volkmer,Berlin,https://de.indeed.com/Zeige-Job?jk=3617ca9448f96688
Fullstack Developer mit Cloud Know-How (m/w/d),Axel Springer,Berlin,https://de.indeed.com/Zeige-Job?jk=fd68081d0c74c34e
WORDPRESS ENTWICKLER (PHP + JS) (m/w/d),sprylab technologies,Berlin,https://de.indeed.com/Zeige-Job?jk=9f0c6314803c86e6
Senior Full Stack Developer,scoutbee,Berlin,https://de.indeed.com/Zeige-Job?jk=df7ca17cbe6b72b2
Senior Frontend / UX Developer (m/f/x),Chargery GmbH,Berlin,https://de.indeed.com/Zeige-Job?jk=a524e03e79275a4f
PHP-Entwickler,diva-e Digital Value Excellence GmbH,Berlin,https://de.indeed.com/Zeige-Job?jk=7ab9e857f788d37d
Lead Software Engineer,ClimatePartner GmbH,Berlin,https://de.indeed.com/Zeige-Job?jk=82146907552cc426
Senior Backend Developer (f/m/div),Perseus,Berlin,https://de.indeed.com/Zeige-Job?jk=c54ab69d0b9c736b
Senior Frontend Developer (m/f/x),WeQ Global,Berlin,https://de.indeed.com/Zeige-Job?jk=309df100598bb1db
PHP Backend Software Entwickler (w/m/d)*,i-ways sales solutions GmbH,Berlin,https://de.indeed.com/Zeige-Job?jk=a5f8712d5b470ed2
Frontend Software Entwickler (w/m/d)*,i-ways sales solutions GmbH,Berlin,https://de.indeed.com/Zeige-Job?jk=20791edcd6cbdbac
Software Engineer with focus on Backend (m/f/d),Altagram,Berlin,https://de.indeed.com/Zeige-Job?jk=dde1b823df82be57
Senior Front-End Web Engineer,Hundred,Berlin,https://de.indeed.com/Zeige-Job?jk=d5009f3d9bd1078a
Java Entwickler (m/w/d) Backend oder Full Stack,Business Keeper AG,Berlin,https://de.indeed.com/Zeige-Job?jk=080076f62b7734e5
Senior Frontend Engineer (React) - Retail Operations - In-Season,Zalando,Berlin,https://de.indeed.com/Zeige-Job?jk=ba8664b541df6780
Senior Front-end Developer (w/m),Pidoco GmbH,Berlin,https://de.indeed.com/Zeige-Job?jk=6ed579965ad0afe2
Softwareentwickler Java (m/w/d) Java Entwickler,Ratbacher,Berlin,https://de.indeed.com/Zeige-Job?jk=0490b25d9485ab61
Fullstack Software Engineer (JavaScript) (m/f/d),Tillhub GmbH,Berlin,https://de.indeed.com/Zeige-Job?jk=072ab8a440a595f3
Senior Scala Engineer (m/f/x),smarttra.de GmbH,Berlin,https://de.indeed.com/Zeige-Job?jk=2bd49f3f57f372ff
"Full Stack Webentwickler (m/w/d) für Projekte im Umfeld FinTech, Blockchain und Kundenportale",d-fine GmbH,Berlin,https://de.indeed.com/Zeige-Job?jk=960bedb6d56a34aa
Senior Full-Stack Developer (d/m/w) @MieterEngel,Rheingau Founders Portfolio,Berlin,https://de.indeed.com/Zeige-Job?jk=894f85f7fd7e794a
(Senior) Full-Stack JavaScript Engineer (f/m/d),SHARE NOW,Berlin,https://de.indeed.com/Zeige-Job?jk=9d5e24159761cde1
Senior Frontend Engineer (m/f/d),Uberall,Berlin,https://de.indeed.com/Zeige-Job?jk=bc7a05beb491753b
Senior Backend Developer (x/f/m),MYCS,Berlin,https://de.indeed.com/Zeige-Job?jk=41df0750e9a7e6cd
Java-Entwickler,mediaworx berlin AG,Berlin,https://de.indeed.com/Zeige-Job?jk=d84f667fd02eff3a
Senior Frontend Engineer,Fliit Holding GmbH,Berlin,https://de.indeed.com/Zeige-Job?jk=a3ba7373842ee17d
Software Engineer with focus on frontend (m/f/d),Altagram,Berlin,https://de.indeed.com/Zeige-Job?jk=441825a7a5e87073
Senior Backend JavaScript Developer,YAS.life,Berlin,https://de.indeed.com/Zeige-Job?jk=96c27f92565d4889
Senior Software Engineer (Backend),AspireIQ,Berlin,https://de.indeed.com/Zeige-Job?jk=1c271e9a5a0f1d8d
Senior Backend Engineer,Dalia Research GmbH,Berlin,https://de.indeed.com/Zeige-Job?jk=cc038f90a8c5773b
Head Of Development,Venturi,Berlin,https://de.indeed.com/Zeige-Job?jk=c6d19bda8c0a0a6e
Softwareentwickler/Back-End Entwickler (m/w/d),HireBird GmbH,Berlin,https://de.indeed.com/Zeige-Job?jk=8667a575179e04cd
Senior Frontend Developer (m/f/d),wundertax GmbH,Berlin,https://de.indeed.com/Zeige-Job?jk=56d0b452367e8689
Team Lead Full Stack Development (m|w|x),idealo internet GmbH,Berlin,https://de.indeed.com/Zeige-Job?jk=2bf231f58303c950
(Senior) Backend Engineer - Cloud Infrastructure (m/w/d),Joblift GmbH,Berlin,https://de.indeed.com/Zeige-Job?jk=ca1aa487f7c777dc
App-Entwickler Android (m/w/d),atene KOM GmbH,Berlin,https://de.indeed.com/Zeige-Job?jk=02a9fb7dde9a82cf
"Senior Frontend Developer, with full-stack development skills (f/m/d)",CogniScent (Philyra UG),Berlin,https://de.indeed.com/Zeige-Job?jk=72075459fa68f6e3
Senior Product Designer,AspireIQ,Berlin,https://de.indeed.com/Zeige-Job?jk=97007e70a8d5a03e
Werkstudenten – Frontend Entwickler (m/w/d) – Start Up – Vue.js,Bandao,Berlin,https://de.indeed.com/Zeige-Job?jk=f5ee4bff9f62e3ff
Certified Nurse / Pflegefachkraft (m/w/d),Fachkraft1,Berlin,https://de.indeed.com/Zeige-Job?jk=67472a520ee31db6
(Senior) Full-Stack Software Engineer who loves Python,Advertima AG,Berlin,https://de.indeed.com/Zeige-Job?jk=fd43f57e31ce8c5f
Senior Full-Stack Developer (m/f/d),Venture Leap GmbH,Berlin,https://de.indeed.com/Zeige-Job?jk=d6a73eff448c9384
Frontend Developer (m/f/d),Mister Spex GmbH,Berlin,https://de.indeed.com/Zeige-Job?jk=e0eefe30504373d7
Full Stack Java-Entwickler (m/w/d),EBP Deutschland GmbH,Berlin,https://de.indeed.com/Zeige-Job?jk=8011b83c228da13d
Frontend Developer - Senior Level (m/f/d),Liefery,Berlin,https://de.indeed.com/Zeige-Job?jk=c0b63123da36b4ed
PHP Entwickler (m/w/d),Syncwork,Berlin,https://de.indeed.com/Zeige-Job?jk=8621c1251cedc3ce
Senior Fullstack Developer (d/f/m),CANDIS GmbH,Berlin,https://de.indeed.com/Zeige-Job?jk=0c42311202f4ea7d
iOS Engineer,Durstexpress GmbH,Berlin,https://de.indeed.com/Zeige-Job?jk=158d068079d34e36
Senior JavaScript Developer,Plexus,Berlin,https://de.indeed.com/Zeige-Job?jk=ce4761f6fabe57b1
Software Engineering Immersive Instructor,GA Instructor,Berlin,https://de.indeed.com/Zeige-Job?jk=7a26180529deb31a
Web Development Trainer (m/f/d) in Berlin,DCI Digital Career Institute,Berlin,https://de.indeed.com/Zeige-Job?jk=e765841249cc02cc
UX/UI Designer/Developer (m/f/d),Altagram GmbH,Berlin,https://de.indeed.com/Zeige-Job?jk=73861c90ada67e47
Senior Full Stack Developer f/m/x,HeavenHR,Berlin,https://de.indeed.com/Zeige-Job?jk=8e0cdbd4bee24165
Senior Software Engineer,Boston Consulting Group,Berlin,https://de.indeed.com/Zeige-Job?jk=aa8033407f631b33
(Senior) Elixir Engineer (f/m/div) at Solarisbank AG,Solarisbank,Berlin,https://de.indeed.com/Zeige-Job?jk=fa55fc0d42b3876f
Software Developer – Frontend tools for Amazon Web Services,Amazon Development Center DEU,Berlin,https://de.indeed.com/Zeige-Job?jk=5da3e4826878dad5
Senior Front-End Engineer,Amazon Development Center DEU,Berlin,https://de.indeed.com/Zeige-Job?jk=3caef93df873c3eb
Software engineer,Trust In Soda,Berlin,https://de.indeed.com/Zeige-Job?jk=72f6e766822d3fc5
IT-Co​​​nsultant (w/m/d),SD&C Solutions Development & Consulting G,Berlin,https://de.indeed.com/Zeige-Job?jk=f6ea0186c63d560a
Order Flow Engineering Manager - Logistics Vendor (f/m/d),Delivery Hero,Berlin,https://de.indeed.com/Zeige-Job?jk=e2611279a18da6c4
Frontend Developer (m/f/d),Brownian Motion GmbH,Berlin,https://de.indeed.com/Zeige-Job?jk=5be101f77b93df9a
Javascript-Entwickler (m/w),DESIGNERDOCK,Berlin,https://de.indeed.com/Zeige-Job?jk=922a7f3265f91fda
Senior Frontend Engineer (m/f/x) - EU Remote possible,Chattermill,Berlin,https://de.indeed.com/Zeige-Job?jk=12780ac901986b8d
(Senior) Software Engineer Java (f/m/x),diconium group,Berlin,https://de.indeed.com/Zeige-Job?jk=7b235186acdc6dfe
Senior JavaScript Engineer,flowkey GmbH,Berlin,https://de.indeed.com/Zeige-Job?jk=1a64cedd98ea8d35
(Senior) QA Engineer (m/f),Cameo Systems,Berlin,https://de.indeed.com/Zeige-Job?jk=d886830e06f4c432
Technischer Projektleiter,mediaworx berlin AG,Berlin,https://de.indeed.com/Zeige-Job?jk=c2f1de43d5941fd1
Tech Lead Frontend (m/w/d),Aroundhome,Berlin,https://de.indeed.com/Zeige-Job?jk=66cf509cdd05a89d
Senior Product Owner for Product Catalog (m/f/d),Visual Meta,Berlin,https://de.indeed.com/Zeige-Job?jk=67b84f30339d7d1c
(Senior) Frontend Web Developer (w/m/d) in der Projektentwicklung,adesso SE,Berlin,https://de.indeed.com/Zeige-Job?jk=01ffbb4412a554e5
Senior Frontend Developer (m/f/d),BEWATEC Connected.Care GmbH,Berlin,https://de.indeed.com/Zeige-Job?jk=d34054ec964f0d04
(Senior) Web Developer Frontend (w/m/x),Avenga Germany GmbH,Berlin,https://de.indeed.com/Zeige-Job?jk=3bd192c42af99af2
(Senior) Frontend / Fullstack Developer (w/m/d),Oviavo GmbH,Berlin,https://de.indeed.com/Zeige-Job?jk=99a4755ff4dac616
Senior JavaScript Engineer (f/m/x),AUTO1,Berlin,https://de.indeed.com/Zeige-Job?jk=0108ded3e7c5c63d
Software Architekt Java und Webtechnologien (m/w/d),Business Keeper AG,Berlin,https://de.indeed.com/Zeige-Job?jk=42fb9c68287ba345
Senior Softwareentwickler,TECLEAD UG,Berlin,https://de.indeed.com/Zeige-Job?jk=4cc0716358989f61
Senior Frontend Engineer – Amazon Web Services Design System,Amazon Development Center DEU,Berlin,https://de.indeed.com/Zeige-Job?jk=013fae911742327a
Senior Frontend Engineer - Zalando Fulfillment Solutions,Zalando,Berlin,https://de.indeed.com/Zeige-Job?jk=22c1feb2bbb08b91
Senior Software Developer (m/w/d),wenigermiete.de,Berlin,https://de.indeed.com/Zeige-Job?jk=5cc209955438af7c
Senior Software Engineer,3T Software Labs GmbH,Berlin,https://de.indeed.com/Zeige-Job?jk=f505896c3c145383
Senior Java Entwickler (m/w/d),Omikron Data Quality,Berlin,https://de.indeed.com/Zeige-Job?jk=63d05dc2427e6263
Senior Ruby on Rails Developer (m/f/d) in Berlin,malindo GmbH,Berlin,https://de.indeed.com/Zeige-Job?jk=ed3f5c14b9b02459
Senior Software Developer (m/f/d),Productsup,Berlin,https://de.indeed.com/Zeige-Job?jk=280f5a3d34026092
Lecturer Web Development (m/f/d) in Berlin,DCI Digital Career Institute,Berlin,https://de.indeed.com/Zeige-Job?jk=59cb82004f37475f
Senior JavaScript Engineer (m/f/d),flowkey,Berlin,https://de.indeed.com/Zeige-Job?jk=11ef38cc6d61c9d3
(Senior) Softwareentwickler PHP (mwd),Vesterling AG,Berlin-Friedrichshain,https://de.indeed.com/Zeige-Job?jk=0c1a057d224cae8d
Senior Web Developer Frontend - JavaScript (w/m/d),interactive tools GmbH,Berlin,https://de.indeed.com/Zeige-Job?jk=706ecbe46f892a6b
Senior Fullstack/Ruby Developer (m/w/d),Helpling,Berlin,https://de.indeed.com/Zeige-Job?jk=3747b356941249bb
Full Stack Entwickler (m/w/d),AVANTGARDE Experts,Berlin,https://de.indeed.com/Zeige-Job?jk=fda9e94b279b20b2
iOS Engineer (f/m/x),Zenjob,Berlin,https://de.indeed.com/Zeige-Job?jk=6d95cb0a6bdc07a1
Senior TypeScript Full-stack Engineer - Logistics Vendor (f/m/d),Delivery Hero,Berlin,https://de.indeed.com/Zeige-Job?jk=4ee475a47024a81c
Senior Full Stack Developer,firma.de Firmenbaukasten AG,Berlin,https://de.indeed.com/Zeige-Job?jk=c50f8aeae3bf0774
Consultant Microsoft 365 (w/m/d),SD&C Solutions Development & Consulting G,Berlin,https://de.indeed.com/Zeige-Job?jk=77fb440349a2d957
Senior Backend Engineer,Garden,Berlin,https://de.indeed.com/Zeige-Job?jk=e5c7d5442f089abc
(Senior) Frontend-Developer (m/w/d),Lautsprecher Teufel GmbH,Berlin,https://de.indeed.com/Zeige-Job?jk=45514f8e7805f67f
Frontend Developer (m/f/d),Mister Spex GmbH,Berlin,https://de.indeed.com/Zeige-Job?jk=e0eefe30504373d7
Full Stack Java-Entwickler (m/w/d),EBP Deutschland GmbH,Berlin,https://de.indeed.com/Zeige-Job?jk=8011b83c228da13d
PHP Fullstack Entwickler (m/w/d),Healy World GmbH,Berlin,https://de.indeed.com/Zeige-Job?jk=46df70225397d173
Web Developer React/Redux (w/m/d),Unitedprint.com SE,Deutschland,https://de.indeed.com/Zeige-Job?jk=ee36f1e0fbd47d0b
Frontendentwickler (m/w/d) react und GraphQL,ML!PA Consulting GmbH,Berlin-Friedrichshain,https://de.indeed.com/Zeige-Job?jk=6ad5288e37121750
Senior Frontend Developer Typescript React (m/w/d),Eberlein und Kunz GbR,Berlin,https://de.indeed.com/Zeige-Job?jk=99a4eb9f0bd66730
Senior Product Owner for Product Catalog (m/f/d),Visual Meta,Berlin,https://de.indeed.com/Zeige-Job?jk=67b84f30339d7d1c
(Senior) Frontend Web Developer (w/m/d) in der Projektentwicklung,adesso SE,Berlin,https://de.indeed.com/Zeige-Job?jk=01ffbb4412a554e5
Senior Frontend Developer (m/f/d),BEWATEC Connected.Care GmbH,Berlin,https://de.indeed.com/Zeige-Job?jk=d34054ec964f0d04
(Senior) Web Developer Frontend (w/m/x),Avenga Germany GmbH,Berlin,https://de.indeed.com/Zeige-Job?jk=3bd192c42af99af2
Senior JavaScript Engineer (f/m/x),AUTO1,Berlin,https://de.indeed.com/Zeige-Job?jk=0108ded3e7c5c63d
Software Architekt Java und Webtechnologien (m/w/d),Business Keeper AG,Berlin,https://de.indeed.com/Zeige-Job?jk=42fb9c68287ba345
Senior Softwareentwickler,TECLEAD UG,Berlin,https://de.indeed.com/Zeige-Job?jk=4cc0716358989f61
Senior Frontend Engineer – Amazon Web Services Design System,Amazon Development Center DEU,Berlin,https://de.indeed.com/Zeige-Job?jk=013fae911742327a
Senior Frontend Engineer - Zalando Fulfillment Solutions,Zalando,Berlin,https://de.indeed.com/Zeige-Job?jk=22c1feb2bbb08b91
Senior Software Developer (m/w/d),wenigermiete.de,Berlin,https://de.indeed.com/Zeige-Job?jk=5cc209955438af7c
Für Freelancer: Software Entwicklung für eine Portal-Plattform,,Berlin,https://de.indeed.com/Zeige-Job?jk=87a2315da4f76893
Senior Software Engineer,3T Software Labs GmbH,Berlin,https://de.indeed.com/Zeige-Job?jk=f505896c3c145383
Senior Java Entwickler (m/w/d),Omikron Data Quality,Berlin,https://de.indeed.com/Zeige-Job?jk=63d05dc2427e6263
Senior Ruby on Rails Developer (m/f/d) in Berlin,malindo GmbH,Berlin,https://de.indeed.com/Zeige-Job?jk=ed3f5c14b9b02459
Senior Software Developer (m/f/d),Productsup,Berlin,https://de.indeed.com/Zeige-Job?jk=280f5a3d34026092
Lecturer Web Development (m/f/d) in Berlin,DCI Digital Career Institute,Berlin,https://de.indeed.com/Zeige-Job?jk=59cb82004f37475f
Senior JavaScript Engineer (m/f/d),flowkey,Berlin,https://de.indeed.com/Zeige-Job?jk=11ef38cc6d61c9d3
Für Freelancer: Full-Stack Entwicklung von Microservices und APIs mit Angular und TypeScript,,Berlin,https://de.indeed.com/Zeige-Job?jk=3b5d1795be389a6a
(Senior) Softwareentwickler PHP (mwd),Vesterling AG,Berlin-Friedrichshain,https://de.indeed.com/Zeige-Job?jk=0c1a057d224cae8d
Senior Web Developer Frontend - JavaScript (w/m/d),interactive tools GmbH,Berlin,https://de.indeed.com/Zeige-Job?jk=706ecbe46f892a6b
Senior Fullstack/Ruby Developer (m/w/d),Helpling,Berlin,https://de.indeed.com/Zeige-Job?jk=3747b356941249bb
Full Stack Entwickler (m/w/d),AVANTGARDE Experts,Berlin,https://de.indeed.com/Zeige-Job?jk=fda9e94b279b20b2
iOS Engineer (f/m/x),Zenjob,Berlin,https://de.indeed.com/Zeige-Job?jk=6d95cb0a6bdc07a1
Senior TypeScript Full-stack Engineer - Logistics Vendor (f/m/d),Delivery Hero,Berlin,https://de.indeed.com/Zeige-Job?jk=4ee475a47024a81c
Senior Full Stack Developer,firma.de Firmenbaukasten AG,Berlin,https://de.indeed.com/Zeige-Job?jk=c50f8aeae3bf0774
Consultant Microsoft 365 (w/m/d),SD&C Solutions Development & Consulting G,Berlin,https://de.indeed.com/Zeige-Job?jk=77fb440349a2d957
Senior Backend Engineer,Garden,Berlin,https://de.indeed.com/Zeige-Job?jk=e5c7d5442f089abc
Für Freelancer: Freelance Junior Frontend Developer,,Berlin,https://de.indeed.com/Zeige-Job?jk=bb608f5ef72bfdbb
(Senior) Frontend-Developer (m/w/d),Lautsprecher Teufel GmbH,Berlin,https://de.indeed.com/Zeige-Job?jk=45514f8e7805f67f
Senior Backend Engineer (m/f/div),Elinvar GmbH,Berlin,https://de.indeed.com/Zeige-Job?jk=768b55eb892dc2ed
Full-Stack JavaScript Developer (f/m),volatiles lighting GmbH,Berlin,https://de.indeed.com/Zeige-Job?jk=431d323e559f6f1a
Senior Software Developer Frontend (f/m/x),Tourlane,Berlin,https://de.indeed.com/Zeige-Job?jk=e46b315b602b4b98
Head of GLOSSYBOX - Germany,The Hut Group,Berlin,https://de.indeed.com/Zeige-Job?jk=b8a7bf5816278c0a
Ecommerce Manager - GLOSSYBOX,The Hut Group,Berlin,https://de.indeed.com/Zeige-Job?jk=d390e509f9cbb48b
Senior ReactJS Frontend Developer (m/f/d),Taledo,Berlin,https://de.indeed.com/Zeige-Job?jk=74dfb74b8c22e498
"Software Engineer, NodeJS (German market) (m/f/d)",Taxfix,Berlin,https://de.indeed.com/Zeige-Job?jk=70ae629475f281ab
Frontend Entwickler (d/m/w),TEMPTON Next Level GmbH,Berlin,https://de.indeed.com/Zeige-Job?jk=3c830add8c14ab7d
Senior Frontend Developer (m/f/d),successyou,Berlin,https://de.indeed.com/Zeige-Job?jk=490b75c5ed888fae
Lead Java Engineer - Restaurant (f/m/d),Delivery Hero,Berlin,https://de.indeed.com/Zeige-Job?jk=2beb036e5455d93f
"Backend Engineer (Python, Ruby on Rails) – Marketing Engineering (f/m/d)",HEYJOBS,Berlin,https://de.indeed.com/Zeige-Job?jk=e559f034944701ef
Für Freelancer: Remote: Webshop Entwickler mit Spryker Erfahrung,,Berlin,https://de.indeed.com/Zeige-Job?jk=d22650a435eb31b0
Senior Backend Engineer,Dalia Research,Berlin,https://de.indeed.com/Zeige-Job?jk=0d375bf85be21de0
(Senior) Fullstack Engineer - DigiBank (f/m/div),finleap connect,Berlin,https://de.indeed.com/Zeige-Job?jk=3ebf67542c85a44d
JavaScript-Entwickler,Konsolenkost GmbH,Berlin,https://de.indeed.com/Zeige-Job?jk=dac60d9b20e8546f
Senior Backend Developer (f/m/d),heycater!,Berlin,https://de.indeed.com/Zeige-Job?jk=a43e80f9d1fdc79d
IT Consultant / Software Developer (w/m/d),Scandio GmbH,Berlin,https://de.indeed.com/Zeige-Job?jk=4203ce26d716c73a
Full-Stack Developer For A German Startup,SuperConverse,Berlin,https://de.indeed.com/Zeige-Job?jk=df96919c45d2ce2d
Senior Frontend Engineer,Orange Quarter,Berlin,https://de.indeed.com/Zeige-Job?jk=9fb99768b3ac4ce9
Senior Fullstack Developer,Ignition People,Berlin,https://de.indeed.com/Zeige-Job?jk=54757257501733c2
Web/Frontend Developer (m/w...,APRIORI - business solutions AG,Berlin,https://de.indeed.com/Zeige-Job?jk=a6f3f244eb0c87a3
Frontend Developer - Senior Level (m/f/d),Liefery,Berlin,https://de.indeed.com/Zeige-Job?jk=c0b63123da36b4ed
Senior Portfolio Manager,The Green Recruitment Company,Berlin,https://de.indeed.com/Zeige-Job?jk=a36c931f67651e9b
Lead Full-Stack Engineer,Orange Quarter,Berlin,https://de.indeed.com/Zeige-Job?jk=965fa275168ffcca
Lead Software Engineer (m/f/div),Elinvar GmbH,Berlin,https://de.indeed.com/Zeige-Job?jk=841954799da92de0
(Senior) Ruby Engineer (m/f/div) at Solarisbank AG,Solarisbank,Berlin,https://de.indeed.com/Zeige-Job?jk=38cbbf0c026733ba
Senior Java Softwareentwickler (m/w/d),Cegeka Deutschland GmbH,Berlin,https://de.indeed.com/Zeige-Job?jk=d6ae19c8cadd14ef
Backend (Node.js),Touchpoint Resource Ltd,Berlin,https://de.indeed.com/Zeige-Job?jk=400e4a9a83ffb743
Senior Full Stack Engineer with Java Background,Clariness,Berlin,https://de.indeed.com/Zeige-Job?jk=705001247abb0c9b
Senior Frontend Software Developer (m/w/d),Bernd Ulrich IT Recruiting,Berlin,https://de.indeed.com/Zeige-Job?jk=1468939b4f2b512e
Senior/Lead Backend Developer (m/w/d),Taledo,Berlin,https://de.indeed.com/Zeige-Job?jk=1ec0514c62cee0f3
BERLIN - General Manager DACH (m/f/x),HelloBody,Berlin,https://de.indeed.com/Zeige-Job?jk=a975cea060da0183
Senior Frontend Engineer (React) (m/w/d),Plentific,Berlin,https://de.indeed.com/Zeige-Job?jk=9756dc3997bdc813
Senior Full Stack Engineer with JavaScript Background,Clariness,Berlin,https://de.indeed.com/Zeige-Job?jk=afeb9b627ba4b78b
SENIOR ANDROID (M/F/D),SPORTTOTAL AG,Berlin,https://de.indeed.com/Zeige-Job?jk=fc705227692654c4
Senior Fullstack Engineer,Orange Quarter,Berlin,https://de.indeed.com/Zeige-Job?jk=67f26c43a256bede
Senior Ruby on Rails Backend Developer (m/w/d),Taledo,Berlin,https://de.indeed.com/Zeige-Job?jk=fb798d1dfc144346
Senior Mobile Application Developer (f/m/x),Colorfy GmbH,Berlin,https://de.indeed.com/Zeige-Job?jk=80e3b08ea01658f0
Front-End Developer (Senior),Pixsy,Berlin,https://de.indeed.com/Zeige-Job?jk=94efa4e3f9ecfe5c
Senior Software & Solution Architect (m/w/d),Atos,Berlin,https://de.indeed.com/Zeige-Job?jk=aead6e07ca936483
Full-Stack JavaScript Developer (Senior),Pixsy,Berlin,https://de.indeed.com/Zeige-Job?jk=f45ab822df3ed951
App-Entwickler iOS (m/w/d),atene KOM GmbH,Berlin,https://de.indeed.com/Zeige-Job?jk=2a4e69d0dc63c0a4
Full-Stack Developer – Laravel / JavaScript / Linux (w/m/d),Space Squad,Berlin,https://de.indeed.com/Zeige-Job?jk=82887fc004eb2111
Founding Lead Fullstack Engineer - Berlin SaaS Startup,Ignition People,Berlin,https://de.indeed.com/Zeige-Job?jk=30589c126f7d2090
(Senior) DevOps Engineer (m/f/div),Elinvar GmbH,Berlin,https://de.indeed.com/Zeige-Job?jk=9329b2c8526f2ae9
Senior Backend Engineer,Orange Quarter,Berlin,https://de.indeed.com/Zeige-Job?jk=4dc4e91cb4816b5e
(Senior) Frontend Entwickle...,APRIORI - business solutions AG,Berlin,https://de.indeed.com/Zeige-Job?jk=dbcdfe9663422858
Senior Fullstack Developer,Venturi,Berlin,https://de.indeed.com/Zeige-Job?jk=0d832227d0f22f00
Tech Lead Ruby Engineer (f/m/div) at Solarisbank AG,Solarisbank,Berlin,https://de.indeed.com/Zeige-Job?jk=91e9aac755523959
Fullstack (Angular/ Node),Touchpoint Resource Ltd,Berlin,https://de.indeed.com/Zeige-Job?jk=3eae7cfa99c6bf70
Java Softwarearchitekt/ Lead Developer (m/w/d),QuadriO Beratungsgesellschaft mbH von ITbbb.de,Berlin,https://de.indeed.com/Zeige-Job?jk=4f167fd3f7a177ef
Senior Frontend Developer (m/w/x),Brownian Motion GmbH,Berlin,https://de.indeed.com/Zeige-Job?jk=6812ea8e7f9b2374
Senior Frontend Engineer -Zoosk .com (f/m/d),Spark Networks,Berlin,https://de.indeed.com/Zeige-Job?jk=06ef5d06b6ae003a
Senior Software Engineer - Mobility Intelligence Team - f/m/x,door2door,Berlin,https://de.indeed.com/Zeige-Job?jk=2e405b09a9fc7ed9
(Senior) Software Engineer ...,APRIORI - business solutions AG,Berlin,https://de.indeed.com/Zeige-Job?jk=85be3acbc16e4fb8
PHP DEVELOPER(M/W/D),Headmatch,Berlin,https://de.indeed.com/Zeige-Job?jk=aabcc54b35f7e623
Entwickler (m/w/d) Javascript / IT / Informatik / Berlin,Campusjäger GmbH,Berlin,https://de.indeed.com/Zeige-Job?jk=6dc8f03471d0b037
Head of Full Stack Development (m/w/d),HAPEKO Berlin,Berlin,https://de.indeed.com/Zeige-Job?jk=1832656405a1ed08
Senior UX/UI Designer (f/m/d),Klang Games,Berlin-Kreuzberg,https://de.indeed.com/Zeige-Job?jk=0588c6608f1072bf
Senior Front End Engineer,AMBOSS,Berlin,https://de.indeed.com/Zeige-Job?jk=47f14abd6d123fe6
Senior IT-Architect with Product Dev Skills,Rheingau Founders Portfolio,Berlin,https://de.indeed.com/Zeige-Job?jk=707f2b51f54b75ca
Azure Architekt (m/w/d),Hays,Berlin,https://de.indeed.com/Zeige-Job?jk=19a69fd156c55720
Senior Frontend Engineer - CX Web,Marley Spoon,Berlin,https://de.indeed.com/Zeige-Job?jk=2ad7a9fb32105a48
SENIOR IOS (M/F/D),SPORTTOTAL AG,Berlin,https://de.indeed.com/Zeige-Job?jk=6b4d044697ab0371
Fullstack (Angular/ Node.js),Touchpoint Resource Ltd,Berlin,https://de.indeed.com/Zeige-Job?jk=344d8e05496fa5bc
Senior Backend Engineer Jav...,APRIORI - business solutions AG,Berlin,https://de.indeed.com/Zeige-Job?jk=329d91c62f1cb8c0
Senior Full Stack Engineer,AMBOSS,Berlin,https://de.indeed.com/Zeige-Job?jk=0f9f5a42ae9e31ca
(Senior) Marketing Cloud Architect Salesforce (w/m/d)*,Capgemini,Berlin,https://de.indeed.com/Zeige-Job?jk=d815cbdfe9447d5c
Senior Backend Engineer,Ignition People,Berlin,https://de.indeed.com/Zeige-Job?jk=5612b1693108c6e8
(Senior) Backend /Full stack Software Engineer (f/m/d),Spark Networks,Berlin,https://de.indeed.com/Zeige-Job?jk=e0ab37e7164c70ce
Senior Backend Engineer (Python) (m/w/d),Plentific,Berlin,https://de.indeed.com/Zeige-Job?jk=3f121b177c1e8e11
Full Stack Java-Entwickler (m/w/d),EBP Deutschland GmbH,Berlin,https://de.indeed.com/Zeige-Job?jk=8011b83c228da13d
Frontend Developer (m/f/d),Mister Spex GmbH,Berlin,https://de.indeed.com/Zeige-Job?jk=e0eefe30504373d7
PHP Fullstack Entwickler (m/w/d),Healy World GmbH,Berlin,https://de.indeed.com/Zeige-Job?jk=46df70225397d173
Web Developer React/Redux (w/m/d),Unitedprint.com SE,Deutschland,https://de.indeed.com/Zeige-Job?jk=ee36f1e0fbd47d0b
Frontendentwickler (m/w/d) react und GraphQL,ML!PA Consulting GmbH,Berlin-Friedrichshain,https://de.indeed.com/Zeige-Job?jk=6ad5288e37121750
Senior Frontend Developer Typescript React (m/w/d),Eberlein und Kunz GbR,Berlin,https://de.indeed.com/Zeige-Job?jk=99a4eb9f0bd66730
